_id;name;class;blowout_cnt
c9c87e37-448f-46af-8732-e825d08cbf47;detail;2;4
3b4e915d-da28-4fb1-bd81-511c39ed5718;pressure;11;4
dc53e17d-2df2-4d20-a813-af17b7a35cc3;less;1;4
bf25807c-2e9b-483c-97d6-bca53febe21b;wait;6;6
2aaac06a-4812-4777-9b4c-01bdde81c092;fight;4;5
b224d8c4-0f4d-4ad3-aa6f-3e52c6b651b6;hot;11;1
a756700b-d9f5-4f4b-934e-7ac3fc351d87;main;1;4
d0a90732-e99e-4fbd-8d67-6ea9cf2ca434;early;9;1
4f6cbf48-8f68-4357-aa7f-6c7999299033;ask;6;7
dd01e584-d778-41aa-b5f7-3d0ffdb50a4a;bit;6;7
23a4e321-7f4f-48af-8021-2f01b5cea896;cover;9;2
d5097319-0ae7-40b7-8c10-394d939a2ff0;off;2;1
ca23b6b8-2826-4d32-be00-481929cf8d24;wind;2;4
720dcecb-0817-4b2d-a967-6c7552a6ba04;my;4;5
d938f212-1100-4921-b67f-c454646fc8d7;smile;10;2
004c771c-787c-41ea-a195-b8a61bc1c3fd;travel;11;7
d3a95d08-c87c-4571-8966-0330140b9cdb;education;5;5
8713346d-0e57-4e61-9f4c-85e1f2d11f2c;forget;7;4
701c247c-0eee-4765-8ab3-edda08d4e48f;single;5;5
72f894b3-95b5-43ae-9365-304c063ffa4d;its;4;5
dd5986f6-8dda-41c9-b0c0-df52a791dad8;modern;6;2
107310c6-5dda-4ea1-a9be-39d4ea324ac3;like;10;5
0c16f093-854c-4598-bbc2-54eb2f01a24d;surface;5;4
aa90450a-930b-44ea-89c7-bf5368d13cd7;laugh;10;4
edb654ef-8650-4ce2-98fb-1202fd004a26;day;2;6
146ccc13-d440-4c26-af91-35503ca767ee;race;2;6
dcf1329b-1fed-486d-b7d4-73c0201d00b3;indicate;11;5
cb369c7a-bab8-4927-9209-3f5e71c5deb2;buy;4;4
2f899277-ee37-47b4-a981-8af63e438910;church;5;5
855dfd37-340d-4bef-b3de-15ee55efdb6f;newspaper;3;6
785b770b-acbe-42bd-80b4-90feff630df6;campaign;7;5
c51763b4-7843-43f7-a1a1-7586ba4fb5d2;enjoy;5;5
27a04043-5b70-44d7-8a3b-58387a53d228;according;4;5
4b716ddc-aca9-4d09-b734-c730deb756e5;easy;3;7
59a2bb8e-b19a-40a8-a3f1-18485d6f9b4c;eye;7;7
847d003c-9f3f-4ffc-9350-2bd71ed8f40e;minute;6;6
eb7d2894-8340-40a2-9ac3-fa4696beaf32;reality;5;4
c589bf42-bb24-4657-a0a5-11f0abf59bb7;simply;8;1
3da3bcd1-e8a4-460d-a38b-3558bba7777c;message;2;6
c6adae6e-11a7-410c-a9bf-4f7f329924b7;would;1;7
902daf59-64de-4323-893a-7afc0dce76a4;pull;4;1
b11938ba-1d51-4f0c-9ed0-cafb44dae2cd;evening;4;2
177a2bd2-c229-478a-8a50-a914612e0963;walk;6;5
2afae676-af19-474d-b4c4-583c33ea930a;buy;3;7
df4bc2a4-0e61-4942-a587-45b1494c9bfa;popular;1;6
2654c9a6-0a49-4329-a444-238460b2ec82;your;4;1
f7557788-6897-48a1-b9ed-1e82f3f1f907;short;10;5
193868ad-90ac-4596-ae06-845c368b930d;person;4;7
b947b10c-af2e-4b49-9e53-448bf0b9d426;business;4;6
1e67bf06-d712-4331-9ccf-04997ff0d4cd;draw;10;6
2bd6ab01-1ddc-4b7c-abe3-49d16d14210c;free;4;1
e496ebe7-6edb-47fc-92f5-212ee725988c;student;3;1
f66b59d5-dd68-4a59-be4d-e5e8509dc915;not;9;7
88163bd8-7112-42a0-b6d6-fe3b48b1a5ff;late;7;5
c9b49abb-5885-46e5-88aa-f292ebee81d7;think;9;6
bca64346-10f5-473c-90b9-3dd13a76d62f;protect;3;7
8b96448d-bfc2-4969-a94d-b94851676053;imagine;5;4
908da48a-16af-4328-b324-80dbc5526981;well;8;2
493a65f4-e177-4570-ac7f-64a8db6841f8;book;8;4
ec823426-4529-4b8f-932e-c24e9168ee0e;many;10;7
22693857-2f3d-4136-88e4-d53ca35a155d;especially;6;1
3ea16e69-5e1d-47e8-96c3-879430432ef8;available;11;4
9e1f6b73-1185-418f-bfc5-ae3b6ccd1986;phone;5;7
84ff39a9-9dfd-426b-8bc4-7a399ad4ab81;explain;7;2
6ee66198-5559-44fb-adaa-280a95ad0e88;trouble;2;5
d18b0414-c0d4-4346-9b44-e00c966dfba7;just;8;1
628800bf-be64-45ef-8f5c-393b23a99727;performance;9;1
1856c041-9538-48dc-8dc5-c577578bcfb1;alone;2;2
2fa39cc2-6c6f-4e51-9c86-30cdfe604f26;nothing;4;7
173c8507-76f1-4fb6-a2dc-03797cbf2e88;she;10;5
7601596b-0b7f-419e-bebe-d1b46c81c2bb;sound;4;7
36f1de16-3cdc-4a1c-af3c-ab5e78f753ad;way;6;5
b748409b-af83-4156-ab4a-d5055c812df8;meet;6;1
7334261a-98fd-4c2b-98e2-ef1752feca6e;network;2;3
96a4b346-e9a8-4975-9176-592b5e132607;value;6;1
5dd51425-ecea-4e64-a939-752c66a320e2;language;2;5
99c335bc-0a72-48a2-b2c4-1bc7cdaa3bc6;small;9;5
e53f9cbf-2e04-4a99-a57c-ccb1a2e74048;small;10;3
d9ab63b2-cbd1-44f0-8cdc-b17ed370fb10;month;7;6
05c3c84b-f537-4a62-ab87-491efdbcd976;position;9;5
baa87bbf-bb6d-499a-a89f-80a7031f6788;provide;6;7
95a2ec5f-4906-492e-84a0-2a032ebc38a5;however;6;2
4426bb1c-f4ad-48ee-8838-217e80e5a6cd;local;9;7
2104067c-c959-44da-ac84-3b729f9762ac;store;3;5
69362d6a-e126-40cb-83fc-560de3576750;production;1;6
beb2df73-0844-4025-ac2c-e4ba131748fc;move;4;2
e79d86a7-bdbb-4067-8008-3e5e9541a324;first;11;3
eb9834f5-2ce4-4c37-aebb-682712f306ba;although;9;5
f69c70bc-17c3-4921-a12c-b1e2e2a52d08;purpose;10;6
2b7373f4-4f68-497e-ad5b-ebd5bc15a650;home;2;2
19c2c7bf-d647-4917-9da1-40eccc8541be;prepare;9;2
088a385d-c29d-47ea-a000-63b79bca20de;foreign;9;2
3fb86a07-8020-4446-8e02-699633740f73;run;4;3
10016cb2-5de8-45d4-bccc-555391621d9d;play;4;4
3326cf59-1c4e-4cec-88d3-653bbc68132f;military;6;3
0002519d-70c2-4f8d-bf76-0c66a0531950;interest;2;7
216e920e-278b-4479-92fe-64358ee4bc92;leg;6;5
a41dbbfe-d858-4895-8ccc-3e840a32a085;pretty;7;6
16d9b830-efc3-4279-ae56-be6b26527dc1;by;9;7
6ee3ac9a-193f-4465-b6e4-55961669967a;large;11;7
f2347850-0466-45bb-a35d-fd18b49908eb;financial;10;1
98443314-2c84-416e-8a48-68a7ce0871f0;beyond;9;2
a865ea12-b90a-4590-9c0d-68364f4b13a7;them;1;6
34302a4b-8017-4b6d-9e65-8c7d5b927d5d;area;4;1
fc3d966b-7d15-4f9d-a3ff-ac7d77227b89;other;6;1
2c79256b-8753-4597-8413-cf35a1d756fa;short;10;5
f05780f6-3b1d-4eab-be20-603dbbaaae31;reveal;11;6
338f1b18-6022-4b4a-a5a0-b7678bcfd278;security;7;7
775f6746-e705-40d6-b238-f47e13a94e5d;another;1;1
a1e4bdfb-3a08-45ff-94ac-ea42e3facb5d;subject;6;5
1963948a-01f1-4b24-ba24-ff3e04a53522;court;9;3
8e1061fa-98fd-4a22-b594-573de45a9801;player;4;2
2dfeb5bc-31c1-44c8-8853-b63145b4722a;soon;4;3
3d1a788e-07cc-42f0-a605-949d487bb1ba;day;3;7
6af131d0-7715-41ee-ad43-fcac23a5e8bd;power;8;6
07725f26-0309-4e12-bb9f-0e0e97b42e52;sell;11;6
152d6eed-b287-4249-8692-743cd29a55b4;spring;3;1
19379397-160b-4ece-9ca0-210e6762f887;cultural;3;5
519e1299-2b83-436c-b2e0-2520b0801171;young;5;1
b8170356-9963-4f03-9e59-1ddd15fe241f;near;3;4
ea27ad87-0186-4fa9-84ec-b34010c2d98a;star;5;1
b7623fd4-3e62-475d-9989-ff94d52c384c;community;5;1
1e708b84-e2e1-4fd9-ab65-a7bdbff58ecc;value;6;5
b3bf0e73-7b9c-4df0-a098-f404b3997217;nature;3;3
b9116946-ab6a-4a94-9290-1075eaacd445;grow;4;5
e329bfea-ff74-48d2-853b-070840d2cd8b;final;9;3
4f4f9b27-e1a0-4224-8938-0d6a6576af98;million;8;3
63e7a84a-b206-4d9b-85be-2b403244f217;compare;11;2
98029671-da64-4d03-be8b-a1ea627c4d85;police;6;6
d27c659f-48e5-4f5a-9d8a-3b0f7e07ea18;chair;4;6
5530439e-f3ff-4f7b-adac-552fbd54ee10;we;1;3
b71d9d71-921b-4fba-86f3-6ef6afefca9c;on;6;6
3050d6d3-7a9c-43ee-ba94-31b88b7a81cc;morning;3;5
2fe613dd-441d-4f1c-bce2-f34e808f28a7;for;10;5
6e4d75c0-2a32-4773-9903-67db9782ed53;certain;3;4
d8bb5d73-0625-448e-851f-c1fe1dacdaf9;blood;11;5
50d203d7-81de-4b9c-b7d8-76fedbf31601;collection;8;1
f92a999e-d4ca-4306-a9a7-e5edee3388ea;body;10;1
33154148-4304-48ca-b355-8e6ab21bc1dd;none;7;6
34e987ca-234d-4b25-977a-ed1184fa529c;entire;5;4
afacc1eb-4c5e-45d4-8481-e05c38851167;forward;3;4
59a9dcc0-2e34-42bf-a411-20d1580887d1;move;3;4
cb552d03-14b4-4e2a-9970-c10d20becd9a;food;5;5
12eef467-5acc-43b2-b6b6-cb644bd109f2;performance;4;4
77935e50-bfa1-43dc-bde7-3122a9b3e4b7;win;8;6
938cce20-73ca-42f0-b875-f5a3b2827235;there;10;2
66e0576f-5b9c-477d-a6a8-44c3d4736daa;avoid;9;3
f7b36c06-4f51-4424-972d-a9287201d13c;stuff;10;5
3cac9c72-f3cd-4261-bd8a-0b0c4087e76f;discuss;10;3
4d013361-f804-4903-812b-e0d0268e25fd;country;11;6
6191a283-aa22-4dad-952d-bab3f45f57e6;rather;7;2
c5123e4b-0e5e-40b5-841b-4d72a2f999b3;rule;8;5
bbf85af2-31a2-4370-a515-4436a7365466;able;1;2
80780c63-fead-435f-b8db-6787b136bff1;behavior;4;3
cdae5c2f-fe34-4653-b678-6b0481ba59e9;energy;1;7
ca59b82f-c72b-4a9a-9b1b-cf179a71a518;beat;1;2
b33a1ac6-2d2b-45eb-bdaf-bb9445ab35ea;fine;4;7
2d4da8bc-bd6d-4c4d-ba32-93a458a84981;move;9;6
2a0b51d7-5077-4a13-8de5-4a2815baef2d;half;3;5
af55b224-ce69-4fd0-84eb-17da51217868;mission;3;2
166755ea-6e14-491d-8dec-58d46dfbc0d9;growth;10;4
1d9e6daa-5e8d-4aca-a5ee-64778cd42dfe;attorney;5;1
33ed356a-9596-416a-aa41-91eb18796cc5;whose;7;7
584db9e1-2346-410e-b8fe-e5390827d8b4;century;10;7
1c5a09f5-ca5b-4ef0-8226-76f816b5a965;image;7;3
3be14403-5b0c-482e-a8ad-5e4d1052a0c3;anything;10;4
3b2a9125-1339-41d2-8916-01d61e1ee73f;Mr;11;7
99568535-acdf-485f-931d-00127ccca01b;improve;8;4
5a65e1bd-ab77-4db2-ab7d-fd64ba8baeef;trip;3;4
a5781c4e-c20e-4e65-ba89-6234124efe00;such;4;4
a41d5d61-0d2b-4b0a-ab23-280392f0aef0;option;8;2
7f4d58cf-2325-4d12-b4b2-37bed056700f;establish;2;4
e12b21cf-5597-44d4-b1f5-aebc80cb1584;thank;6;1
9343a58f-4111-4d48-b430-03d4c194e60c;all;2;7
b69dcd54-7623-4074-996e-ed0093a78028;choose;9;5
02c20470-45c1-41ec-9a4b-7ea2e90475cb;another;1;2
8d41c8cb-c020-4617-b08b-a5b40d121833;Republican;3;6
ed22f34c-07cc-4aab-99d0-77043c86d8b7;laugh;2;5
160c0f67-9d92-4704-8c27-326c29675e30;loss;1;5
1d82718a-05c4-45d5-8ffa-d015d4c3c7ec;perhaps;1;1
19bbbd46-70dd-4849-a3ee-8dcc18df11ec;sure;2;5
984f8faf-823b-418d-abe4-dc0e48d4fc78;turn;8;5
0efc25c9-f40d-4a3f-b642-1f6fab93b076;theory;8;7
0d6367d8-8798-4d6e-925a-8659c6f020bf;pattern;3;1
35239fc9-2310-42eb-8eda-5c7e83671999;else;5;5
90f6b730-8647-48ff-9830-cfd7361454bf;site;2;7
0f1bf03b-2488-4908-8774-5b209fc284b0;technology;4;4
1313f917-f519-46aa-82b0-e7fc388c9112;success;8;3
244b6a33-6c35-4f2f-82db-212e606bcd74;write;6;1
9733f11b-3459-4cac-8ba9-df7313ba55eb;cut;4;3
4e186fa1-4780-4187-a77e-f5df659c59b1;could;7;4
c930f84d-5273-4c24-8e25-dc2379b9ede0;structure;4;5
1ca54fd5-fe20-4f65-97e7-9a079b1ff104;item;7;4
4cdb424e-907e-41d4-8be4-f6c096680c5d;listen;10;2
8ad33081-650f-4248-beb3-56d78aeb75f5;once;11;6
0c7264bf-4a7c-4bb4-a81c-a5d6f4d59c49;among;1;4
98004b8e-38e3-45dc-9637-9a9050675413;against;9;6
5c9be9d8-1f77-419b-84f1-517aecf04e0b;spend;5;7
0675c38d-76e3-48a4-9ed5-c18a2e91db07;find;6;5
73e27fe5-899a-4d7b-8e59-adc01d4d09c7;although;6;4
56e15e88-f4bd-4a92-8275-c74a7ccafe5f;thank;9;1
6d1164fe-3760-4680-aaa0-95096a3cc906;organization;8;4
dd4fb4b0-cd89-419a-92ab-64516efd3597;usually;3;5
f69e6df6-ad36-407e-9d8a-297e03f85eee;myself;4;2
9f718c8c-d3a8-441b-80ae-908f517ae7f8;may;6;2
295ea606-8d47-484d-8e5d-ab27d1626da0;tell;1;3
a238ae56-1b7d-4a36-884b-1c631881d85e;sense;9;7
fa54f20f-e0ff-4b69-98ca-778d82d91c46;anything;4;3
e792ff44-d0eb-472b-a379-bc8c8fd72ea2;indicate;8;3
6a3eafad-e39c-4d08-98d7-7ccd31d615d4;long;10;1
cdbd6cfa-ea40-4a79-b858-150db7b54b69;remain;5;7
851217b8-e758-40c4-b8d1-79c755fdf77a;hotel;10;7
d8a46e52-f87e-47d1-b61d-3ecb81bca4bf;nothing;2;6
59411f1d-9465-42e6-bbac-0bf5b99b0fdb;result;8;1
4071f994-dfe8-4269-88d4-44f2ce790a05;per;7;4
ebc5291e-64fc-4a1c-99fb-5e8096ee4623;throw;4;6
d2c9b77a-ff47-4665-a7ee-50feadd0d4d8;important;2;1
bd5801f1-cc4d-45cf-b6f1-b44a00f89088;coach;8;2
bc3e6bb2-2d31-4a53-bc1e-36221acf5898;eat;6;3
1050d0bd-e18f-4635-b727-3eda078aac84;only;7;2
9519f3b8-7b52-40d7-9818-64fc628c3feb;present;8;4
95a20c7b-fe1a-445d-9299-39365ffc8bae;free;10;3
aa813d41-cebf-4714-b548-120f6aefd0b0;however;7;4
e03dca62-5089-4cd2-a05b-206e110aeebb;rock;6;4
51aefe7e-b395-45a0-8c67-a9b3955a9135;single;7;4
6ec3f124-398b-4857-a559-37387be8d50e;artist;9;7
69cfe360-8e0f-4ad0-9b2f-b5a7e9d1bcdb;behavior;6;6
60efdf58-aa1d-4c46-b004-36c6fbe341e3;right;7;4
15e9734e-2555-480c-9fa3-916a82e8ea43;beyond;7;5
d962db45-88c2-4628-bf81-a9810b100939;skin;7;1
7db0b63f-ed4d-4018-a291-fca8878dc030;from;11;4
924af947-dbbd-481a-aef8-8b5148033093;exist;10;4
2d343f22-32e8-416a-bb76-eb68d2753570;arrive;10;2
aabf80b0-4289-413c-8f3a-de6ce18ef471;carry;5;2
28d40853-b07d-47c3-9fec-2faa955a8ce7;either;8;4
db5cbf0f-bbeb-4d42-86bb-58bd0fa1e228;fund;4;6
88e27495-a929-45df-a85b-682d5057efed;yeah;1;7
6c1d62b7-854c-4c40-b66b-00b7e6414aa2;rate;1;5
c5032c6d-33a5-4b4f-b9bc-c5c431a8f469;fish;6;2
bec7e8ca-995c-4bcf-8326-e104a1af5edd;fight;5;6
54e0d78e-f1ff-42bd-b8a5-c7f63e3903be;role;9;1
971bf768-eda0-4911-8b73-0ca10496c709;room;2;3
523a6ce2-2021-492b-82ce-2e7606a6eef5;compare;11;2
b5e00b16-d990-4614-8b8e-48072b3c0c72;seem;5;2
87283f15-9c38-4505-b435-477842a22adb;above;8;6
af9e09b6-5803-4bcc-97e6-af7ef5c142a8;other;8;4
2451457f-9eba-4333-a92d-c034856304f2;how;11;6
e6c32174-1b85-4f1c-96c0-fb464c988335;against;7;2
d5abab2f-fc6f-433f-a7c7-514e47e7b0ad;individual;4;1
9e50a620-87d3-42c5-9159-39870370aee7;behavior;6;6
bc12f950-62e3-4ebc-a2d9-2bd41076c5b8;career;9;3
d130f62a-aa40-4dc9-939a-130ae2decdac;over;11;6
07f5c661-ea1a-4f38-9cff-083517b69276;four;2;4
c7ad9674-d80c-49e9-ba19-5381631df8d6;church;2;7
d69e0398-9c48-4668-b5af-8201f4746c0d;east;9;1
d5997b5f-7937-4ba7-a58d-a7770b340252;sit;3;6
17abf315-7ea1-4c9b-99c5-2306fb525db2;truth;2;6
09f07ae5-f5ec-4971-af84-079dbe772ae9;discuss;4;6
a10fa418-09e9-4eda-baa3-d9d7ce92f9af;sister;7;3
0fdf34e8-293a-4979-bc7d-d29ec01743bb;expect;11;5
ab573dae-e50b-4941-9bf9-d4fa82dee937;oil;6;3
9a187326-a0ae-45c7-9d01-bde9ce36fbfd;though;10;2
bddc4e31-7c90-4ac0-b188-2075dfdd44cb;cold;8;1
82b022e1-41c8-4673-926f-16745412649e;employee;6;1
0aa1929d-7171-41cd-b77b-632cb947be3d;politics;4;3
014c3c7d-9f15-4ff0-99e8-a5a63fffb728;seat;2;1
96ac8534-d659-46ab-82e3-402c93e4c4f8;military;11;1
7e06cae6-97bc-4a5b-adc9-ff40ad243f29;history;9;2
1865c058-ecac-4148-bffb-df64b24da8f6;animal;1;6
1a8cee51-91dc-4ed3-81c1-53bf51ef2510;carry;10;5
43dad2dd-2d9c-46e1-8c97-bd977c940de5;response;9;6
03efa3b8-410e-49a0-9b76-7c1ac6d546d5;girl;6;6
0f8ee4e4-6198-4cda-99dd-77375643c685;data;9;6
03d27b33-0e9c-40ef-998e-93d512c57ddc;law;6;5
828e7fac-89ce-4262-b4dd-3d0e61dde07e;public;2;1
616c291e-7e05-4867-bf41-c46b1900c7cb;conference;4;5
5f7df61a-a074-4cfa-be52-a2517d90b247;cover;11;6
d04ea124-4bcc-4ff0-8fd8-7ee4c2202a3f;civil;3;4
8b686a6e-0499-46b0-98e3-7ec7744d0033;wonder;7;5
237a6785-54e2-4ddc-9a50-6e17a5e27618;grow;9;2
1a7f3596-dc4d-4a97-8f27-639b895034dc;face;8;2
d6de3532-c5df-41fb-910b-d317ea62cea6;financial;6;4
993edbde-6ed7-4ecb-8c04-19cc748f81f6;goal;2;5
85fd64a2-ecbf-465e-8222-385ecba1d040;live;2;3
7e2e33eb-29f3-48c9-a803-562f0d393f6a;morning;9;1
4e5d75a6-ba5c-466a-9e26-243041eaecf0;attorney;4;4
dfc6d14e-1ff4-45ec-9777-a3fe9e921df3;nor;5;2
33058b51-b949-42bd-94a5-3d6c78cf6eed;kind;4;5
6c93634b-c9d3-4098-8c0c-5b5ce2da3884;already;6;6
cea53e17-3283-4741-9e26-64814ee9886c;within;4;1
5bdf5396-4580-4502-b883-7581879a789f;cut;10;1
9809d8a0-7f9b-4bac-8c97-977ab045a089;spring;9;7
0dc42af9-417e-4eae-8490-7c99bef9b7dd;significant;8;3
572b7f38-ad1b-44e9-9cc7-ed8259c53d58;west;8;5
92eaaa48-c205-4e8c-a681-b96b5790bf40;police;1;5
0be4e033-c5d8-4671-a246-88865248e52b;increase;2;5
272227ae-27e7-459f-bcb9-71caae8d30f9;trial;8;6
9bba5b70-bb06-4f4c-99c0-32ef68bf9f65;second;7;2
acd7cefb-3baa-49cb-924f-553d8803f4e7;raise;7;6
3585b4a2-9802-44e8-a919-879a06c0fd8d;heart;11;7
b7f8a3f5-5d53-4ce6-a399-5426ac548d08;Mrs;7;7
ff4c91b5-e545-4655-8488-4d5b633612c2;window;1;1
4967c80f-cda3-41a2-b0cb-b7bf602fbddc;head;6;3
0efe1823-8a03-4080-8bfd-e3d7021308b0;assume;6;3
248f95b2-59a7-4416-a68c-702baac51da4;everybody;8;2
37ee955a-55f6-4778-83b1-967f6cec01e0;ok;10;1
9a913d89-ec3f-49a3-86a3-8b176ad55c03;finally;6;5
45bac73c-b4ee-4e96-a50f-a9e92850eb5b;price;10;4
27867ed9-6c8b-4d74-9753-781292254328;economic;8;7
f1545185-737d-4477-98a6-e985fc5b999c;drug;3;5
069343b5-ca38-4779-a072-86d17b1f5b42;brother;2;5
0ec9e943-a8bc-4499-98bb-8238f4f0f1b4;section;7;2
bf1a8ae4-6661-485b-9f50-1c6c645b2a32;everyone;10;2
5fdd464b-10ef-4def-ba67-a4eaf07439e9;enough;6;7
2c105bcd-879c-43a2-b99b-13d910bda817;three;1;3
877dbd41-8406-4e79-b788-f56b24bf7028;would;11;7
6177d033-77c8-4a05-8777-f6e7f340910d;drug;7;6
ea2a881b-1a9e-444f-9388-4af708a1feca;type;8;3
da8ac240-4b2b-4bf1-b4c0-909887781ac9;understand;7;4
7634070c-53e5-4a99-996d-51fe2eeb0f3d;expect;4;6
1c25fc3e-36f3-42e6-9834-fa618f78bb69;main;7;1
3f55c6b7-2828-4b4a-8270-3a417edf8a08;partner;1;5
7c9f59ea-a158-44c3-a78f-889543625f5f;ball;2;4
a2e248f8-c0ef-4dcd-ae0c-6687cd54e9e0;send;8;2
8c616779-2ca8-4e07-8233-2d2d31655dfd;anything;7;5
14a966b4-4767-4964-bd9a-e3549b33296d;dinner;3;2
9aabbfd9-d07a-4a02-921b-cf7446f3efc1;picture;5;6
03c8358e-4570-4884-9fae-be12423d06a4;anything;4;4
fbb9672f-901f-41e7-bec6-7a3db31910c8;turn;1;2
ea8baf49-9209-480c-90d0-a7639fe1ba09;effect;4;5
c864cba0-027d-4e8a-bd3c-408eb67739e7;ask;1;5
d558543e-b7e7-4ddd-bdd9-85c3521e8863;watch;3;1
46bd5d17-88d8-47cc-90ea-d1b1bf9b12af;so;4;6
e3a72a52-998b-4479-bdfb-290548c4f3be;everything;11;5
43fbeada-0973-404a-8adc-927abbac77d0;quality;3;7
6984efac-2b0f-4d6f-9024-8e211ea1ef80;from;1;4
445a77c7-32c4-4b7c-89ff-c8da1a530550;hit;10;2
d8eb5b79-7a46-4329-ac08-5437dcf41c78;Republican;7;7
807390d6-8f6f-45a8-ba1f-aa898f0c326a;story;4;1
b957f38c-89cd-48ad-bb1c-3ea25952ed05;tonight;9;7
80705e64-ce50-4259-93bd-2265673fc072;would;11;6
9a870d4d-c0b2-4469-b2c7-7ce58eec9bf6;tend;11;7
581f034d-9d08-471e-9d06-d1c00011af90;fight;1;3
19decccd-5cb9-4120-80f3-1da4cd8131e9;produce;5;5
e11ea439-a726-47e5-8d71-6cae6522e241;you;4;6
bfaa753e-f608-4a15-a88c-7b24e67b8f58;step;5;5
90a0f9c6-d807-4187-9a9f-4fb08e670298;minute;10;7
25e39763-9bcd-4872-a0b7-d08278ed3625;issue;10;2
6ae6586c-01bf-46df-a345-3083c9d3c2a3;health;1;1
798f8e26-26bc-470b-9f7c-a2840d9d5f13;modern;7;1
ce46357f-5794-40be-89ea-0058aba95afa;evening;11;3
326352b6-edca-4ef0-becc-9c3c0f75d392;clear;3;3
1633e584-585c-4253-a91a-d3852d09852d;pass;9;6
e6f25925-b13a-4381-bac2-a7893e8cca10;throughout;9;7
b26472c2-ee3a-4539-8f32-ada36a54d0a7;understand;8;4
a8e475f5-47c5-4ed9-a783-852fdd84d3c7;so;10;5
83efcd55-75f7-4b7b-9f55-8c9813887352;theory;4;7
e521a15a-1042-4c53-933b-2e5b3149af95;agency;3;1
e28907c6-afde-403b-a423-7c5625c1fbbd;ago;11;4
86573d60-876d-4646-b758-a636baec0dd3;practice;8;5
20b2d25f-b073-4b7b-a030-d3b52dd8d8ea;stay;11;1
672e86fd-847b-4b19-9076-60dc9281ef3a;Mrs;6;6
8d8dae7c-e0d3-4604-a973-fc2933ee2499;offer;1;5
fedc9e46-c21f-4c96-808a-0b786afd2829;good;7;2
23ad4e06-e68f-4c0d-b996-13d6c3ab1676;it;2;7
abef798f-e6f8-4d11-aa81-21efdef7184a;suddenly;6;7
bc3537b1-5a9b-43ab-9ebb-4030af8b912f;speech;7;2
b3edbbcc-e9e3-4773-b5da-e5eae0f12418;step;10;7
15c1d385-af05-4cd2-8b39-72d9dd0b1bb9;skin;4;7
631c93e3-fa6e-4c58-860d-46f438482e58;above;10;4
4f984c27-c926-4a1f-a007-06e09f109d25;dream;9;3
9c795cc5-cc1c-4c34-9c95-64aa8c18605c;environmental;8;6
350d5f4c-3268-4b1f-9908-ababfe0a2cd3;happy;11;3
44009365-f281-4a36-a518-301186fb5571;month;7;4
8e283c80-e70c-45f8-8bf7-6995b727c80e;night;11;2
f0b85fc3-bfaf-4ae5-a93c-6d0997a95fd5;miss;7;6
83fc4cd7-7362-4cb3-945d-5c390a865fd3;son;6;3
fbed406d-25d3-4648-af3e-b90214c65934;administration;5;7
1188dae0-f23d-416a-b930-0080518d0eee;operation;10;6
e3ac4def-6ed1-461a-bada-d6b16228995d;boy;11;1
f63ada32-3c21-4954-9589-5077e2428755;more;10;6
7b682af6-0618-4db9-b7ab-cc5b2dc0751e;west;7;4
a29082e7-189b-4a4d-a39f-4762ee645e2a;sort;7;6
8bc1351a-397b-4866-85b7-bef80a828c9e;toward;9;5
599cc059-b31c-4aa5-9556-63772b468d47;they;10;4
55da1265-0ef1-4ca8-af34-7ac64577b84e;conference;8;4
96659c3f-9f21-466d-b2fa-f4830b91f35a;establish;10;3
a2454466-c92b-4eeb-bcf5-647b481d5f9f;measure;1;2
d1e46146-d968-4530-b522-c8135bba4c31;late;10;5
f7466c98-8832-4a2d-9346-bc6cd8d5720e;power;2;2
2f3866ab-bd41-40ba-ac03-7f32798b9caf;some;7;2
5d644fc0-6578-4ff0-a2ee-0def47c280c0;pass;7;7
5ba62400-46a1-44f8-93f7-b66dd30f2abb;truth;7;2
ab082b07-5e4d-47a3-8292-abf2f3957cfe;world;9;3
e7dfc6e8-c686-49c9-9c6d-85d5b2e845f6;must;1;2
d871fbe3-c70e-4665-a506-1f7e5c97970e;head;9;6
d4cc768f-ff97-425f-83a3-bd69b045fd45;such;6;3
b8d87334-151b-4484-be1b-a6a2163514bf;usually;4;2
6c0dbef3-e8bb-4097-b04e-b5b766a32a60;number;5;5
1a68c6cb-aa63-4ee2-a98b-23564e4025b4;evidence;6;4
689946f4-b2eb-4dd2-b760-5142df8d37aa;sign;8;5
1e1736e1-b04e-45f4-a44e-23865c57d07e;past;2;1
7953cb18-e03a-4327-a7c3-5dd58b55115e;citizen;8;4
d6127387-d869-47fb-83f0-b68788968be5;later;9;5
725e4ae6-34fb-4692-b7e9-6e0da107a377;save;4;6
682c0d12-b982-4842-8373-1ca2859f2962;less;3;5
5a63fd18-86a9-46af-b56c-3581ce50163e;discuss;2;7
eacbfd51-c92d-40fc-affc-f31194b8252c;five;8;6
f09e9513-5025-4961-9ae9-8e1613931ef6;bad;2;5
09834ec5-1b9d-4b31-85cb-646cb7cc55d5;black;11;1
d8fc6428-3c6f-4a67-a2e9-7b512825cc8d;you;3;4
a9e27d0b-1178-4b4f-86fb-4971accb03ea;home;9;5
1f046def-40a5-41fd-8fa6-528c91cc2b8c;soldier;11;6
47339c0f-bd2f-4588-a45d-0e5e5dea0df1;through;4;3
cd8f6363-f28f-4ed7-a4b5-d4226815de15;store;9;4
cd4151dd-6f69-4b3a-ab4b-54e30bbc9674;establish;11;1
a1d4768a-03e5-46f1-80f7-52f81ca2d25e;little;9;1
447e3a1c-82f6-4df0-8cc0-eba8cc9b1b16;light;7;4
bdc5772a-0dfc-4654-b948-786c5f4da3f4;experience;2;3
e07c7262-b29a-4d7e-9407-88be5e624d1b;go;8;3
03cf7ac6-419c-4f6c-b95f-813a6a71e322;investment;2;3
53c36bba-80e0-42b0-8778-61694a9722ab;provide;10;1
cee14136-43d3-4d20-9857-33e7c41ba7f6;over;3;5
0671f2c0-0225-440f-816f-8eebdebbd620;memory;4;5
811e1119-ff6a-4863-9470-409c921df164;experience;1;2
e6bf1abf-6817-4a99-be7d-2d18d4f1b69f;technology;1;6
de150f59-519b-491e-ac84-019fa61bd7b9;major;5;2
c427b773-ad30-4a65-8db5-d616332f187a;behind;4;6
b194d302-e795-4f32-90c1-57ceb2d5fa4e;style;3;7
2a105ef4-e582-4ce4-9f23-9f32de6b2070;able;1;2
e4e7127c-7f71-4287-9a01-b535cc3059d5;family;7;2
c454ff20-6436-46f2-a1d6-38fbdd32db32;next;11;5
04632b40-c0dd-4a98-a6c0-fb3481842e05;much;7;7
729ec561-9199-42bb-ba28-cb508970b899;result;11;6
7239bbc9-5a52-4aab-9848-607eda7162bf;of;8;6
772fc1c8-6440-4c5a-8313-fa48c1db03f5;else;2;2
624b29ff-ddb6-4c49-a503-8e3024209922;well;11;2
6ba29a48-3887-4e8f-8891-b914c3186b48;bed;10;3
1a5a5de2-7fb2-466b-856b-e4daa35d05e1;memory;4;3
fe2f32b7-679d-4776-8d63-a7a1fe7f4ad5;ready;1;6
3e024355-1254-4fdb-879b-0964883af6c7;red;11;5
63bc8def-268f-4cb0-838d-0b11c0bac9f3;floor;4;5
78243a67-c0a6-4fd6-8def-fd1b68882fd7;anything;2;1
2ec7295b-73a1-4955-ac8d-2399b43fe7d2;become;1;4
6ce9718f-84c4-46ff-a66d-9aeadecb60f6;bad;3;7
ed8b7829-a964-419b-b33f-365f0096b260;conference;7;7
d43eca7c-b7a3-45a0-b257-07ba329eedb2;way;8;6
b2f95d53-b09d-4695-a117-80f2b6207b69;experience;4;2
05524bc3-3349-47d0-bb45-b0715323025d;only;6;4
af21b95c-706d-48ea-bb9b-3a0ee097bce0;movement;6;3
68c8735d-7649-4765-ba7d-e1454fb81dbc;possible;4;7
fd984274-a790-404f-856e-3c478aca9f7f;sea;1;3
89732486-f25c-4217-a5c1-2b254e81f8e4;born;2;5
80fc8a10-0c02-453d-9400-fa348bdefab6;somebody;5;6
a68ffa00-1e0b-47f5-9d14-cf953a6b7a06;try;11;7
afc8a7f1-6be5-4ef4-92c6-7090e88b7884;daughter;2;2
a4fa6ab2-1c59-4e1c-82f5-7aa47e5cc105;think;9;6
ced25850-f5c1-43c7-b363-87d875cd1f56;country;4;3
a012ca38-a61c-429d-970e-7bc6ab5eee57;Congress;5;1
f2029491-50cc-412c-bdb5-0d1c3b581af3;beat;5;2
cf4d5a01-a31e-4dc2-b35b-09eea4abffb6;perform;6;3
9380855c-02be-4736-8f41-68fecfc98de7;professor;9;6
be46e476-4cb7-4083-a764-dcb665f481cb;ever;11;6
db1293a8-0c74-4aa5-9197-0fc3f25f83a9;series;8;1
26e6fb39-8092-4091-b6bd-2969921dbf83;shoulder;11;4
dd7c3c88-fc95-4ef4-ab21-5de932564c1a;lay;5;5
bf93ebc3-c04f-4cf8-8e1b-2b70ffb715dd;item;7;4
df3d51d0-ae30-4113-8642-3f58056715cf;threat;9;1
147900b3-1a30-47f5-b8bf-c991712290f2;administration;11;5
8512a877-6bf7-4d35-a3d9-9defdde190d7;institution;7;1
4371b8bd-1872-4012-9347-ce82cc2dfc67;popular;3;3
19c57def-ce88-492f-9fdc-c82691c6a618;degree;8;6
ced9a7b8-63a7-499b-a9f3-94a91d80c911;box;4;7
71a7233e-6439-41aa-abc9-b98b84157268;who;8;2
c353e76e-3c7f-449c-9a4d-65a037b375bb;account;3;6
f208089a-6971-45cf-8441-7586b382a950;quickly;3;7
3be7d464-1a29-4ae7-8532-a5cbcca3167d;area;6;5
dd1c92e6-4e10-4d76-9629-65f4bdb25e77;argue;3;6
1fc6723d-b341-44fb-9945-2e179d6818f8;since;11;5
4d3433ec-aa68-4201-93bc-c6e36617a0ab;customer;4;3
479d9914-a4a5-4ad1-b976-f6cfc9f4feac;Congress;9;5
87e1b127-4d31-49a7-8283-6ee43f73cbfa;also;11;2
fd101a53-d6f6-4b7b-a17f-fc8e3fd9ebcd;floor;7;7
ac920faf-61a1-460e-a11e-d2061986f075;participant;11;3
7cd7ed46-3e9e-4eb8-b64e-57a828f09de9;service;2;2
3a265a6c-d588-4601-8914-f9fbf5fbe3c3;minute;1;4
89e6ecb1-d804-48e6-84a0-c9464471ce12;science;2;5
a9092cac-d7cb-457e-8f38-955da792e8c5;thousand;8;7
4b40b773-7c31-4b22-817f-0e876a8d4557;place;9;5
d72fea4a-200c-481c-98ab-7d7188f8b69d;provide;1;4
f8ecf441-028b-4dc0-b852-720ee7533f1f;should;8;4
0bfb0bbe-1a29-4644-b4f1-ee75756a7baa;just;2;6
704fef0d-2be7-4197-b3f9-9e953f665e94;development;11;3
9cdb83b9-301d-42ed-bef1-2653856f7142;poor;7;3
f400897e-c69a-42e3-810e-dda35598b435;go;10;3
989b6885-8937-4c9f-94a1-62524831e937;ask;6;7
b3ea4722-0996-4df4-84ee-87ceb3ec0532;ok;6;4
683f4cee-ee7a-411c-8ec9-8ac399aa727e;he;8;1
fe821f78-60ca-42e9-abc5-495e6052e636;us;8;1
a410c956-d337-4fef-95b1-6afc895d575e;study;10;6
78e43430-1e39-4be2-9d55-12b2f0f5f436;suggest;8;7
c73a6fbe-16eb-48e9-9423-4c902e74a15d;upon;3;6
2d90c963-3cd6-48a8-8f62-33a96b00cb0e;daughter;9;2
f55f2781-c3c7-4a07-91eb-4e8488f7b826;right;5;4
73ccbe4e-3dff-4444-802c-8473203bcf92;provide;9;3
371f5484-7768-4e90-b1ec-279437bfb3e4;discuss;6;4
cb9ae06d-3184-4c74-ae39-cdcc502543ea;shake;5;3
4e25263c-80b3-43bf-a9c5-6cc2d578a5fd;attack;1;6
a541cd7c-2c2e-4630-856f-2cacd3643eb8;bill;2;6
47bac737-d0fc-4c9c-a116-fbaa85591484;world;10;6
ae03c82a-819b-4bb7-b5b5-ccf69c0e83f4;those;4;6
53c9c730-d95f-4fe5-9aaa-263b28205b2d;leg;1;6
65f31386-e39e-40ff-8203-eb9222e02e45;agent;7;7
fe22ffff-befd-4bac-9d4f-240b672eae45;wide;4;6
5359254b-efc8-4eba-87b9-e391464ed4fe;character;2;1
27eb9e30-ba81-4103-82d7-f6be45d9c502;rule;9;6
c2cde278-3e51-492a-9eb3-95462f5229c5;cost;8;4
40402726-90ad-4754-a392-06bc60340f41;at;4;5
58f4a9a1-e509-45d1-8d71-402e819898f6;small;7;2
cb087aa7-32cd-4ca7-9700-0d6981b597a9;foot;8;2
cbfd469f-22c6-4aea-9080-aee8136aefc4;let;6;6
72faec9e-a4ca-40af-9850-1d5de5fffb75;theory;11;2
321151dc-98f3-42ff-b1df-23f0fbaf6d04;personal;5;5
80d60bd5-9498-4396-b829-9076ca2e1259;reflect;7;6
22a8fc31-a0c8-4d00-851e-cba09d30590a;out;11;6
b4bf0795-3fde-4815-9b98-e3ebfd133f79;stop;7;6
f1f6f307-bd5c-4b10-a063-883ac02d1012;past;10;3
e64eaa2c-3f74-4558-a872-943d6cf9b6e2;note;5;7
97b25e84-63a4-4cb5-ad4f-c0c85d58877b;hear;10;5
e77c6dbd-615e-4150-89da-6f0d19c24386;show;9;6
cdba81f3-1835-43c2-bfad-2ed9918c3c3d;change;2;2
6c7295ff-bcd7-413c-991a-4880ab297b9d;difference;5;7
7cc52427-fcff-47ea-bb0e-c081d7dd9725;the;1;3
cd23241f-e0f5-417a-9255-241e054551b6;open;6;4
178ebba7-e011-4cfd-85bb-03e95079e242;single;2;4
04ada0ab-0598-453d-9ba8-b2c7ef5f5b8c;probably;6;2
7abc040f-3fbd-4d14-a787-9d4efbb22b3c;necessary;4;1
c45892a5-27cd-4c36-858b-9bb6abbfcc06;another;10;7
7d9c5642-1a7f-4048-90cc-8d453ea3a42c;road;7;4
b349dba8-558c-4055-b941-5d5b792d836e;indeed;5;1
e84df5c8-468f-45ec-b45c-7d802e26002a;wish;10;6
fc83fd3d-6287-4035-985d-2830c5879818;together;1;2
e37b3c10-d869-4b72-9996-6be304d69a56;run;8;2
c006d2c3-c49a-4cc3-a76a-38c7290b4593;three;9;7
ae9c0605-3023-4ce3-a282-2fe8ef737751;write;3;5
748622c8-be47-4360-9668-e91e6fdd42be;myself;1;5
0b73b4e0-0e60-4e38-a2db-61788ffe4804;use;6;6
099c1d49-05b1-483e-b9d9-a648fabc0742;consumer;4;3
84567a97-c0d1-45d7-ba66-8ee1c262987c;land;1;4
7b3eada6-d11c-40e0-bdda-fbd3b4879920;machine;4;1
2fa646ae-1c77-42a7-ae24-4df86c4f9cbe;else;6;3
5f3b1d5b-e7a9-4cf3-807f-f8103b2226ee;leader;11;1
4a704302-88d9-4ae5-9f45-1dcbd9521b67;understand;6;4
f6ce52fc-06a4-42f1-a31e-1674f7104c85;low;9;7
9148cdb0-79e2-45fc-a32d-4228940864c5;foreign;11;6
46b64c62-7226-4233-98a2-9470133df27c;condition;6;7
a8e1cce4-0fd4-4839-8c11-17a63b79203c;model;9;2
4922cbbf-a693-4c24-907a-3910b564d5ca;least;9;3
7b9db3e2-f8fe-41fd-a829-0d9afec89312;item;7;3
aaf8a139-0958-459d-ae99-2416cc6af22e;record;7;1
1fb50a27-5b57-4d18-a27f-3acaac8e82a1;low;9;6
f4b3d189-f210-4608-8552-b5868d022543;collection;9;6
7827a0b4-1060-4a4b-8c26-ef1429c6f88e;every;10;3
e732cdec-59e4-49c2-85e7-6d2e63cc44a1;might;11;6
2463a64d-a50a-49d9-bf0c-615a54e37237;add;1;7
e821c15e-efde-4252-9217-2c328e25b75d;team;8;4
b8377c2b-1dad-4a39-bb86-3807009cb26c;person;7;7
145db9eb-be83-4998-b834-3b74bdf9718f;result;1;2
4b96d5bb-45a5-4a17-87c5-a7240ca2d50e;present;2;2
605588a4-8687-4fa9-8abd-94d79a48b746;city;10;1
d770612f-05d3-41ac-8906-32125a5c4ca5;movement;6;3
98b595ea-b219-4e7c-97ab-ff2f4ad4e714;third;7;4
cdb0e0b2-b963-475c-808f-23a31d8c9e3f;know;10;6
73babb3f-3406-4beb-b688-4456999033cb;production;8;7
14981d15-af70-461e-834c-b78fbad651ac;dark;8;7
dee8ed6b-1c46-4bcc-b471-c076dab64c49;across;1;5
cb93e77f-cf5e-44a2-93ee-913fc0f730df;public;11;3
97db785e-fa5f-4b01-8a39-bc9252bbb8d8;look;3;4
b33a54f3-cbff-41f5-983a-41a2a9c75075;support;4;5
63a8a4b8-4d2f-45cf-af75-9c1367be86a0;good;6;3
340f756b-5146-490f-b58c-881adb30db61;son;4;2
619da26b-7933-4372-8d48-bd6d780e9590;sure;5;1
d285f5c7-722e-4ee8-a3f2-b0fe8a717f71;culture;2;3
7e5a52c6-703c-4bd6-9b73-b2e781669957;lose;2;7
dd4a9329-79e9-4775-b832-e792fd3ed768;significant;10;7
dc0c41fb-0ffb-48d3-93ac-c23f9f010a85;practice;11;5
6c1ace9c-2e20-411a-a4a4-35ddd4683ce4;treatment;10;5
2ea7a03d-6a20-46f8-91d5-7dbc488c1f7b;because;6;6
60b28334-37f4-4b67-bd6c-4a87ad019f55;number;8;2
ef9a750b-861e-4c88-8bde-d135ca87dbfe;west;1;7
664c2e27-751f-4697-acb7-a351ef09d932;behind;5;4
6961692b-2eae-4cad-8dff-9ddb404121e2;morning;9;2
1e0932b2-ee36-4ef6-8985-b0689aab2b89;brother;2;2
5874c0a1-a7b2-4c72-8cdc-ca784cc34467;education;5;1
2af7ce0f-5835-446b-90ca-e326063872fe;yeah;3;5
8671b2fe-e0ee-49e4-815e-dbe095070c85;structure;6;5
0852cf72-4714-41f5-b501-b1b4a1411b3d;point;10;4
57f311cd-8f4a-4138-ab26-42b78e4d2d6a;house;6;2
52a71429-7270-4174-9e19-cb18ab029f03;cell;1;2
da7c3a4b-2328-414a-9035-7907dd6802dc;well;3;7
b0528725-e4ba-428d-a340-3b9ceac1c55c;data;11;4
e06250c5-286e-44f3-a454-2f76d25f9b46;each;2;2
12e487cc-0f61-44ce-a5f3-78ead9be0e92;environmental;1;2
ea204824-8829-4cda-98a9-f3d5d8c892d9;seven;4;3
d9f2d2fe-a142-4a87-ae60-67d9a8169057;discuss;7;2
d5f92cce-cf26-481c-b4f7-a7150e1518f1;wait;7;4
e35d69ec-aefd-4dde-a9f7-f915026196fa;real;8;1
2a1a9c55-6081-4c8e-9e80-44fa90bed76a;hard;5;2
dd620fc1-6bfa-4413-844a-c4664cea910f;official;9;3
72c4ff18-32bc-4c0e-bb95-0b563974beda;allow;2;2
53309d16-48b8-4075-bee6-5a9ec342a2d7;keep;5;3
4cfe385b-18ea-45ce-bc2b-0faab11fd8e0;soon;1;3
458ab71f-16cf-4cba-9369-30e97b8225bd;hard;7;2
f43c5d53-01cc-4a8f-ade4-2cc4bb36e285;attorney;9;7
5cc72e39-d5f2-4f41-8fd5-4e1574b5ee95;participant;2;4
c4a5dc68-6ffe-4a92-b914-553bd6d58fc2;everyone;3;3
447d3fc0-fca3-4f4d-8ca5-aac4b05ee054;important;9;4
1a973e0d-b971-4fc5-b725-7807c45812ca;mission;6;2
f791c0e7-14c4-4205-a89b-a3fde02e4cca;suddenly;6;3
5ec02659-a153-48cb-b128-2113eaab8143;usually;5;2
4b572bb3-4fe0-4850-a164-6fb8025bf5ab;kind;7;6
de915da0-e927-4fbe-b843-aa24eb43bcfb;health;3;6
2d6a5674-26a2-4972-b005-f0f04261d043;smile;1;6
4f698cf6-c0b5-4b08-88b5-ecdcfebd0ac7;life;8;2
f5ae6b6a-e07f-4510-900c-1ac74dfebb17;official;2;7
dac16d36-442d-4289-b287-d233c4e4e464;compare;8;5
452bfd0c-f20e-474f-975e-b9bc5e506ef2;parent;8;7
f3d9d138-04e1-4e43-93df-46ccf5461301;support;1;1
313b3870-161b-4c7d-ab28-d0a57b375e06;center;3;1
cd4ab9da-cd2a-41b8-913f-3427c6789c66;official;6;4
c7aaa7e0-a8bb-4a47-9101-511dc2f8d8ba;past;2;5
17472068-1401-4a62-9132-2d5f5fce7dc2;economy;1;7
eefcb2a7-7b44-4d0a-8ee8-1ef46fd5335c;win;9;4
f4d2eb42-edef-481e-949e-e6774a1424f7;kind;3;2
0cfdc88f-9f16-45e5-afd0-d953e781522f;fine;5;2
99ee4590-df4a-458f-95c8-3aca4b4fc03d;industry;10;3
8d5f9433-5a33-4c4d-b4b2-588e74a15463;here;1;3
5ee87db8-2500-4a36-a1ea-dda72324e508;high;1;2
a376524b-bb42-46dd-b062-1e6a014e6868;degree;9;6
15ff0b31-a582-4740-9632-b0918e676a6d;candidate;8;5
03f6b329-a8a4-412a-ad1f-b5fab31abef9;both;9;1
552934e3-a8a6-458e-a47c-88c733a34fc0;animal;7;6
0747b4a3-ec21-4185-83ea-1507bee66397;ask;9;6
a6ea1397-4a2c-4f40-b993-c436e6ba7b8c;notice;8;6
0fb4fb51-4414-475e-b49b-6d4c4b873613;hot;1;2
6ddccb23-6a91-40a8-94e5-3c50fd82371f;stand;11;2
4494e622-b1d6-49f0-b6ed-729a3e5a1df0;week;7;7
112543e7-3245-49be-81f7-ea756d4edd05;move;4;6
18f0f3df-2b5a-459f-a743-2902ef0161c7;yourself;8;6
13e0c9c3-f319-4fba-a63d-34676dd76a72;see;6;4
cc5b3563-c9cf-4bd5-b120-1231f40bc906;maintain;5;5
7f4ff395-9526-4981-a4d9-776029fb3b66;south;1;6
36e794a5-7653-4c9d-aca8-4c5bcc484a25;culture;5;1
e4d9e448-64e1-4566-ab00-3afd7318e555;moment;11;5
d02e50af-8374-4042-9276-d18feb487eb0;wide;10;1
98551a3a-8bd5-44c6-b3b2-43353437e3f5;resource;11;6
df70cadc-7707-4858-b546-475cbb73ae89;partner;6;2
9c94ffea-6325-410e-a529-9d311c99b5ba;car;10;2
003205a9-a430-4c78-a77a-01b4f3e2c612;garden;5;3
6276a78b-203e-49ae-a294-3714d9761aec;from;10;5
e5ab8b23-ff75-4d80-abfe-903f95d66efd;television;5;2
7ba3ee50-9100-4f48-becc-4392c45ebfc1;bill;11;2
e5d6ebee-a5d8-480c-b0dd-aa1eadb4b49e;manager;4;3
06476f32-b9b8-4353-b6ba-52a88f71a296;position;7;6
d4e43e69-937f-498e-9648-42d241a14e8e;actually;4;2
32759ce9-7b4c-468d-b60e-84f982f178e1;response;11;6
31064e22-b2ed-451b-8768-6f4caf83f03e;shake;7;5
da257870-c65e-4064-b5f7-485cce0f95fd;should;2;1
bfb73365-57a0-4605-bb2a-41c11444f71e;nice;3;6
5d055730-cb51-4da9-9483-43b7d55c78ba;million;7;4
bfc9435c-8c97-46d5-bc0b-e28f3850237b;election;8;4
441875c4-8b92-45ed-a12d-3b9ed2f46e8e;know;5;4
a0ababc1-5929-452b-bc0c-41f68711fb6a;likely;6;1
10af9ba7-a548-4865-9ad6-48927724ec98;safe;8;4
4f9481a3-7ff8-466f-82eb-20c117ccc6b8;character;10;2
87e3aa7f-ab2a-49a8-b665-957bc0fd3098;fall;5;7
038ce480-3d45-4559-8fc7-f4d0b8a660ae;skill;9;7
5ea298ab-b72b-4d8a-ac69-33517aeb666c;admit;1;7
22494e0e-c5f1-4b46-afbb-87f2c37610b3;international;3;6
221f8d57-3dc8-413b-ae78-1144a1479e3c;peace;8;5
bffc2c02-fb1f-45c8-94bb-4282f0dd43aa;decide;7;2
708c6045-c341-4b40-8307-f5ab865b0656;others;4;7
505c224d-f107-40a1-910c-5ef2dfaeb9b1;participant;4;1
9ce53d84-324c-4d65-aef6-7d371102f645;chair;7;1
7f447c5b-f700-401f-ad99-2f0d2645e75f;woman;10;6
bde9ae6c-de15-4219-b73b-50b4444d6234;second;10;3
64cc3ac2-9585-41fe-a2e6-e2f524ffd9c9;the;2;2
efbf5314-5caf-4a07-b4fd-587e7d2e83f8;employee;4;1
65e6c5e5-0447-4b8b-91e1-0bca8b35f2c2;research;2;5
9f5abd51-48e3-4980-9144-e736fb4e7c94;pressure;11;4
776528cb-e225-4360-8b0b-a488cee8b637;within;7;3
a10d55c5-9fa1-410e-8ea8-ffd34d2c8a7e;process;11;6
4e24397d-540f-44eb-b249-4b7a94e6a7a0;until;2;7
b88c84ab-fbb7-461d-9e5c-a22264bcf99b;responsibility;2;3
0bf61a57-080f-4a7a-974a-c5119476b6c1;sense;7;6
2650ad13-52f6-4b4f-9b1e-84bdadc91146;sort;11;6
f78f3755-9282-42c7-80a1-14c1697fd307;who;11;2
d9c17505-f63b-4e9d-b2a8-66665ce88ec5;moment;10;4
e4793b2c-0506-4a1b-b985-e7deca5d0001;recently;2;6
37c7aec9-992b-48a8-9fac-689e5938e56e;up;4;3
fe669e22-3d24-4ae8-89ce-f7f2278952ef;different;4;1
def98585-f013-4355-bb20-5e366f467551;report;5;7
0d2846d3-eece-42aa-9955-5102f121c75a;night;1;4
e6056c09-ff77-438c-b052-c71b7df3c0df;sound;11;7
37c8f76e-113c-4aac-8e6a-c6db73df8b7d;high;4;1
a051a124-0b4c-4caa-ad6c-782817436d7e;administration;2;2
c3573107-8936-4dfe-8841-46646c5b99a0;particular;9;7
cdbb50a5-fd79-42c3-81bf-6e6d8aa20823;morning;2;6
2ac0e6fa-89d4-4e69-9e0a-e749a62062e8;rich;10;3
448b0e6f-e80a-4652-9271-4ee5c7d6e120;eat;5;4
56a2b7de-d8c9-475a-a534-4467543c68c2;source;1;6
66ac370c-62df-437f-8158-3a3886dd2ba9;be;11;7
d49f32fc-c76f-417e-a248-dbad51407fc8;enjoy;6;5
fc0709bc-d7dc-4027-9c44-49f896836105;heart;6;7
345b141d-7f82-44f3-a249-1a0b134f56f3;into;5;7
e76991ce-8225-4cf9-8567-51f77b7be08f;Congress;10;5
9c911696-d754-45c6-87d7-280e46c71926;Democrat;2;6
6c23b9e6-1fa8-403c-b30c-3f7d976c3fd6;partner;9;3
da762f35-2b4c-4d1a-a457-74de47da31bf;painting;10;6
795f63b1-3ac2-4ebc-9a32-faadf6bc40c7;four;5;2
575f44eb-ca7f-4037-9431-c7a3bd674ee3;respond;9;6
23466add-23f2-403f-9a23-cca635d14000;same;6;7
d8a5f422-eab2-4874-9d1b-3354bd979ce6;record;11;4
e198c41b-6269-4cc6-a6ea-cc205549a87f;fine;3;2
e49500e2-e9ff-42f5-a84a-80c5715d43bc;above;6;1
1f558ca2-e043-4151-9f69-b63673c77ab5;wait;7;1
9aabfee5-8686-4639-998a-bf567802d8de;series;10;3
1c37e6bb-cc93-4b04-8d63-02d48ee57343;writer;5;4
1e5c880a-ea1c-4a3a-bd18-f9d402198548;performance;9;5
6437733a-73e3-41b8-98a2-9161f828bf5c;character;2;4
e028de3c-2c7f-4583-a534-e151899e5984;put;6;1
3fe9b54e-ac15-4cef-a67b-53a5d78bbf14;serve;4;5
d14ad30e-48f6-4345-880a-f02b128538d6;drug;9;4
777d8749-0034-4bae-8d90-ad9ed46de472;doctor;2;1
f9ce01f0-1400-4e56-830c-ccc78dc034ff;grow;8;4
7150a811-acba-4b26-923e-9864b7e41bc2;material;8;2
85776814-2316-448f-9e6b-5cd93ea76e32;remain;3;1
83b37d6e-f46d-46a6-9c3f-8b593cbdabc0;employee;6;6
0aee93e8-768c-46eb-97e1-852748dab9bc;treat;11;3
f9b56b53-3366-4229-858d-89471bcb3ab5;ago;7;7
525c1ccd-d87d-48e0-86cb-c132729ce949;perform;8;3
260ebca6-ee05-417f-8baf-b9a9cc7cdbb4;large;8;1
879d5208-0f64-45a3-879c-2b3f97a518d5;point;4;2
0d97d922-a26d-457a-93e5-cf7d9f6d12a8;explain;10;4
f974336f-d530-4589-93cb-375fc12963d9;team;7;4
293a9135-bbc9-4f5a-8fd7-1323b856c797;onto;1;1
29a2fa43-70e1-4bfb-9e60-99adb15f99e6;modern;4;7
f8de9643-2ec8-4a0d-92d4-c9819127d56b;letter;7;1
a0c9f237-c97a-4f5b-aff8-6721209f587e;land;7;1
f6913df0-efb3-457b-98e7-907107fe6ff7;nearly;6;5
da53eb0c-85af-41f3-91a4-76538bab3c1b;responsibility;7;6
eee7dc0b-bb68-4eaf-9226-5ebf8c5f4d1f;have;11;4
9d1c3f0b-0679-432e-bd92-bc03208e7714;catch;8;6
9c67da5c-1919-4062-aab6-ec05f23ed06f;memory;9;5
54db8cc8-e5cb-41ee-a024-1706659063d4;goal;1;2
fddd4902-9d0e-4dd1-bfa5-3af4fbf71415;civil;11;1
2fc50638-502f-46b2-8e0b-86cdb5d22b40;certain;6;4
c3fe1268-c08b-484d-a256-30aff533d2da;feeling;3;4
a17f78b9-63d1-47b7-b05d-b801602258d6;address;1;3
94edadca-28bf-43db-b719-14ff65d8ea58;difficult;6;3
dc5004fe-c256-47fc-a4db-21ce332154d8;movement;9;3
68845ccc-a78f-41b8-aa94-cf3af5bbaa46;show;6;4
e3576e15-b021-41b5-a532-7a67ba9ab2ae;American;7;6
2d3dbca7-ea25-4f66-a933-9b3d5dfb71ce;include;3;2
3c6f8095-4f73-40ba-9f6d-743a8774a347;recognize;8;5
0c7ce23d-83d2-4ff8-ae40-3bcaedd64808;arrive;2;5
923be44d-148a-42bb-b69e-eba0c5aaa2eb;force;2;4
23642faf-8ddc-4a3f-9965-9517466e592f;rise;2;2
e8878563-9983-4708-a02b-0988999a23d0;traditional;7;7
4c6fa6b2-e47f-4d12-b484-cea82b0cc55d;soldier;8;6
6a52e0c8-69ea-4505-b718-84b58a59a741;wife;6;2
24ce1ada-b3ed-4952-8839-8d7f01706ad9;base;4;2
04956e56-bbe6-4cd9-be5f-f3c76cbb3035;almost;10;3
53b94682-06e1-4a01-9411-71c5da908efc;who;5;6
25e20e8d-5a7c-4cbf-83f4-15e0894a91bd;individual;9;6
519690da-cb1e-4189-8d24-d36dde8173ab;church;3;4
4ffb288f-ef80-4b63-94e8-305e381d4c2f;receive;11;7
2afc7d30-b14f-4db0-bd3e-0f054c789ed0;will;2;1
9686e0cf-9d17-40cb-ad2d-6be77f0bac26;certainly;4;3
612dd4a1-1aaa-49a6-ab2f-99d0c6c23cde;possible;5;5
aa2e9cca-17f8-4d50-ba7f-2cdb5a217aa4;Mrs;6;1
3ee34a82-7ab6-4b65-9129-f215c0a1506c;again;10;3
8faf401e-23e2-4d90-bd90-4c320f8aa8d8;or;1;2
9cd51bc3-29d7-4185-be67-5dad954a2b60;detail;2;5
990a1e82-f562-4152-aeba-cec673873769;organization;1;7
31be19a2-ea62-44dc-b9cd-7768320ea74a;rise;9;6
d2718633-ebd8-40ef-b273-f9553d754ef8;upon;6;4
eb9948f9-48c4-423a-9e1e-7881849ab299;best;5;5
cd32fb36-7e83-400c-a479-a7bec71c282f;authority;11;1
71b02feb-a6f1-46e0-8ebe-a090f182302c;performance;5;5
8dab6300-d225-427d-97eb-8450d720d66a;politics;11;2
798a0fb2-5fc0-4b08-974f-9cf481f0a8b8;real;8;6
0feb06d4-17c3-4912-9afe-009be1ab5837;state;2;2
80382093-5d9a-434e-9b5d-396d3ad225f4;order;10;2
fe0aaca3-21a3-4cae-a242-fe784f610874;into;10;7
65edc5bb-e321-41d3-a382-6bb4564ec18c;also;3;3
825d44b3-a932-4f16-aad7-8d912364e199;bag;1;4
94961506-fb51-4c9c-9e14-b951702c5af4;paper;4;6
c446a7f7-8197-4b10-8d59-8c4d983cfd2a;church;8;1
3baffd6f-510c-400d-a2d1-dd8da22edadb;history;10;3
b47bbcf2-eb00-4a18-963b-ecbafce73f79;majority;8;2
e63cab29-a6e5-43db-8ec4-e351eecc16b8;central;3;2
de7f6c30-d040-47ac-97a4-0649950ba2a9;explain;3;7
58019c2b-d73e-4c49-9a60-65a2a5e1c607;surface;8;3
34e8b71a-540d-4743-9342-545518c857ab;stock;3;6
70e9a89f-db1c-4e0b-b21e-342b201a568f;sound;4;5
2059dd91-391e-482b-b5a0-23bbc00f2117;carry;4;3
c80e37f6-86d8-45fc-a001-6815fc0b1154;late;11;6
d19c64d5-f281-4fd7-a167-3ca9a7c4d810;detail;6;6
2b57e205-96c4-483b-a5e2-0b6eae11e7e5;authority;4;2
aa2b7fcb-ea5d-4e8d-9ba5-2008c73b1eff;class;6;2
5fe195ed-620f-4e2e-9730-7667f321a782;security;5;3
7d6d32ed-1798-4359-80c7-ba2da671f88d;beautiful;4;3
4ac172a3-354e-4397-aa6b-807da0b1d372;west;9;5
a435eeb9-4409-4dc9-b4c7-fcf032b6507a;me;9;6
d20c5be9-abab-405b-aee0-da1488c8ae86;so;9;7
84c06697-2a8e-4c77-ac44-29550af497fa;simply;1;1
599addd6-cc54-4f22-be8c-1edcaafd7dc9;church;2;7
b34d4d62-0129-4ca0-aea2-d7d0e334d9c7;safe;4;5
45118d80-6bde-4545-944b-5d9e640019af;across;1;2
c529d59c-5518-4a0c-80bb-638ee5c2ef02;start;7;1
7dad43c4-4158-4220-886b-9537eeb0a41f;quality;9;5
605d379e-9b5f-45c5-9ff9-7c65e28bbdcb;whatever;9;4
c15f8ca3-dc11-4460-8b67-d6937ec26499;indeed;4;1
37d71e96-5d64-429b-a094-b8de070bcaff;let;10;2
50648c85-6f90-4a6e-a64b-ea6b10aaa335;magazine;6;1
66606230-5569-4866-914c-defa29c62dfd;more;3;5
85f29485-dad7-482f-85c5-407cfafdb545;from;5;6
f72e4d11-ce0f-4e2a-bfe9-e791e752a75b;firm;6;5
2472cafd-c2b8-4f3e-a172-bd24ccb33913;west;4;4
9a5264e7-3398-483e-8e8f-bca4307ffaf5;former;3;3
b3213506-6823-4b83-8276-57e7414fc1db;instead;6;1
e12e2041-8f10-4485-afd8-1609a698e925;usually;11;4
ded9dcac-9e8b-457c-97d5-13f475350120;mean;4;5
4c02fa5f-6f9e-4caf-af19-0afb0caa1a89;indicate;4;1
b66ee9f6-906d-4f79-8a7c-8664edf5309d;mind;7;4
b70c851d-5e9c-4ba1-9782-9ac761c5da20;Republican;8;3
81c4999e-4b8b-44ac-a576-d5bc80518bcb;whole;5;5
521c079a-859c-4494-a111-39fc5599aef7;than;10;5
1136c4eb-147b-4cac-8940-3183fb28d4d4;myself;2;5
4edae756-8732-4970-ae5b-4d02d4d99015;stay;10;7
28b4729e-005f-4526-939f-39e437c7082e;old;2;4
a381dade-12f8-4049-a6b8-c3b922c635df;law;2;6
d880358b-6e79-408a-ab7d-c5127b5db6b4;somebody;8;1
cf1f406a-0ecf-4f6e-b836-2ee543c70684;nearly;5;6
0d1e3f45-0cad-48f6-bf98-1f456346194c;born;1;4
93e5d728-2321-49de-806e-29c999d9e0a2;apply;7;4
8e08597b-c1ae-4a3b-8ec2-968faece6038;that;6;4
b4b235c6-b699-4ac7-8a44-88f5d76b90ec;particularly;6;1
2e8bcc34-cbb9-4f36-bc67-6bedf2ccfe50;sister;9;4
587050c9-894b-4936-a8e5-2517c2b70c8e;relationship;1;5
fe4f4c2b-3dd9-444f-8712-cb85831cd1eb;family;8;2
5286c581-2167-42b7-8f3e-51343067d6fb;compare;9;1
a55f075f-edb7-4da7-94a9-0e51a25ea423;apply;6;5
72a2d19d-e8ef-4de4-87c4-e07f174fc8ea;himself;11;1
d0407ee9-24ad-4c4a-a5a0-8c7b11b55e02;though;7;7
e31e22ef-02ce-4014-871c-f29c6629738f;plan;10;7
624fd767-e046-4961-bce8-a48eef02b466;model;6;5
cd0b94ad-92ff-4f0d-aadb-bd043497d916;yes;7;1
6655238e-3d4c-444e-98f0-e85fc6736e2e;year;5;3
abb8ac98-abed-42a7-b198-66982d1d9fb9;reflect;1;6
f454eed8-8477-4e8b-980d-478f9dc314a9;avoid;7;4
9e668a40-2ad1-4b28-954a-bd0dcb1e77e4;current;9;1
e075d42b-36c8-4ad8-8619-ff0d3ea8c328;difference;5;3
df7afb6c-b398-427c-8922-6f35453bf8f2;contain;2;6
99d33851-d337-4c4b-813c-9390b0d4cfcb;relate;9;3
5e62b204-9e0f-4af8-a18b-dd76f78d2fdc;tax;3;4
b358509b-dd92-433e-92da-412867278602;detail;10;7
2396fba7-0f30-46ee-a170-fca5a4a66cde;such;5;7
0e77c807-0bc7-41f6-80b8-640d714cea71;item;2;5
78403eb3-e93b-481c-8770-f4b746b56c42;figure;7;3
f8beb0d6-9436-4b4a-983e-62aac9f61ae4;than;10;2
ac66d7ec-30dd-4138-a302-13e63e90d686;minute;5;7
6f9c694a-b8a7-44ed-b79d-ea3b95bda272;join;10;2
013ed76c-cd41-41b1-9cb2-3022fcb4b7eb;cover;6;7
da0c02b3-00be-4d89-a3d8-84e692c73071;billion;1;5
45e3cfac-5322-4996-bc6d-4b5e45f52b25;few;9;4
4c43c2fc-061e-43fb-aae6-d86a48cf21af;of;2;7
b9c17278-559f-4a1e-b67b-af84005b190a;green;11;5
7ff65fcd-058d-4171-8a86-1f68bca9620f;single;2;1
05341832-479c-460c-a35c-d55bb1574ad3;either;3;3
3660fcbd-bdc0-4dea-a229-edaca20f1e44;through;10;4
4261a4fe-fa0a-4322-b5cf-b3edf2c2b660;yard;3;5
6fd8f05c-7ad8-4b84-be9a-d3096137c0b2;fly;1;1
3977e99c-9baf-48a3-addd-643bc65b82da;sister;9;3
a5c18f5a-f6d5-4adc-bffa-7ad64e4bcdb8;general;10;6
3cbc0fa6-41b0-4d8f-b7d3-b2770ee481a1;eight;9;6
c06f5edc-37fa-4099-9ea0-da019daf5fc7;simple;6;5
34a0e79d-37b2-45f3-9c0f-bd297e93d344;PM;3;5
ca1a1616-b4c5-4143-babe-b73449e9e52f;suddenly;5;4
5e3d9c65-b2a3-4c75-8288-6be73a175b3c;media;7;2
e29ab51a-4122-4f2a-86c6-82b51f7395a3;above;5;4
b09267f5-35aa-4d4c-919a-78f873e188bc;lose;7;7
952447b6-724c-4010-be44-fc038de7e2ea;idea;6;2
cba1efb0-8371-4f78-9195-4fb1d457b7de;environmental;11;5
80ea2f8f-fb45-44e5-96e1-0f7033b42f15;type;2;1
208f55dc-ac7d-47cd-b722-4c40450321c2;perform;9;5
638ddd06-2413-4dcb-b87b-58cfc21339fe;company;3;1
15c11152-4cc6-457b-8be4-a2832a2025b1;exist;8;3
020c6632-f34a-4263-a04a-1f9b0a809b50;for;2;3
bb2d76cf-7da4-4708-b027-cf65636543ea;themselves;2;4
0c66cc6b-949d-4fbd-bae4-267c1984d946;activity;1;3
ae3732f0-352d-4b4e-a3d4-eae8898257f4;language;6;1
2e7748aa-d837-4dba-9d2c-ff3b2ebb1033;reach;7;3
fa36332b-68df-44ef-b61e-f81bb297896a;contain;1;1
7007e40f-f3f2-436c-b183-d62f81c313be;offer;7;5
b55d0933-c35e-49fc-915c-e2ad9604850f;husband;6;7
96e7bdf7-1ee3-446f-9192-e5b80b3d196b;science;6;4
c3484dda-a927-4e4c-89f9-b2c6268b11f3;main;6;5
8c3c0b5f-012f-43df-a770-01bbc71cc593;small;4;4
c96cc26e-b02a-461b-a3d5-70bab3a41e83;watch;8;5
a79cb922-e3b7-4a0b-ac96-bab3433db65f;population;4;4
b1999994-14eb-43fa-9fd7-a0989560fa67;maintain;4;6
ba9758b5-9bf2-470f-96b7-1c99577845ec;never;10;5
93a4eaee-64e9-4b5f-aa2c-6020d3cdde75;old;4;6
0c90aa7b-8e32-4741-965e-d752a61f14bc;billion;6;6
dfc83dc9-5f7f-45f9-81eb-b40a547854d7;whole;9;6
58a0cca7-9a3d-43f1-bd04-facdc86658f5;protect;4;6
946b0e6a-044e-4c3d-99d6-a7aba90eeec2;already;9;6
74c6be94-ac37-4777-a868-11dc19c0d884;dark;6;6
ba7fafec-3a9d-4d64-be7a-892dab6bf27b;policy;6;1
b37abb23-ca36-49c2-85dc-9897951eab9b;foreign;1;7
293c1bac-868c-4dd5-a662-d506b8a7334d;sound;10;7
882fb065-eb91-41fb-a224-cab05adc83f4;structure;4;2
6e158fec-e788-4a84-a1cc-a1ffd3674848;entire;11;2
a5c78d31-82c8-42bb-b586-78665625238b;central;3;7
309cfdaf-67a9-4447-8c7c-e6202f9488e2;mission;6;6
ec0ad28e-2708-4517-979b-3292b09ab63a;up;11;2
a9f0e1b0-122d-491a-9ca5-4385f8366174;court;6;6
3c726f14-b1ad-402b-8bf8-cadc8eb80fbc;share;11;6
273e4fd9-04a3-4808-89c1-b095a363086c;ever;9;7
8a3850fc-0530-4e9e-98d1-8a8e14c9087d;record;8;1
a1b3d3e0-d07a-4de0-ab05-2f651fdc8d94;water;9;1
6451a53b-3058-4459-8658-c2225f061c0b;modern;4;7
c5adee6d-be09-4fe7-990b-bba0d1c9d995;add;9;6
f0a91a33-e20f-4ffd-880b-7ed397b4b2fc;oil;4;7
ac15a048-f870-43a7-86d1-a70eca7513db;also;2;1
d7f1c12f-0439-474b-8d66-25be0d86a155;theory;5;6
89102c14-4f95-45f7-977e-e0ae30ecbf9e;full;9;6
0020696a-1af3-4f97-96ae-59db55f0c227;learn;3;6
41978d6c-df87-493a-b617-69fe64659106;owner;3;1
b8faaf2b-7ac1-4c7a-a18a-bb55d53bc8a3;front;9;7
368a64f9-e21a-4dff-bdb5-40fa03eb5342;two;4;7
2227ed31-f5aa-4231-b9e1-cb534ae543c7;more;11;7
893d5855-5951-430c-a518-566114368a80;experience;8;6
ad4f26c7-6ed6-4970-a437-65b70bdfeb85;much;8;7
b5cf604c-fef3-4c20-9986-952e11eefa4a;school;2;1
6d1016e3-6b42-442f-81bb-fdda1d794e8c;deep;10;2
a5d732a6-f315-4d10-96b1-560596b23cd0;hundred;3;1
0c64e2aa-a900-4a9f-9e17-25d163fa2665;somebody;9;1
eb59510d-6be4-47ef-82af-b8d71f83f4a5;owner;11;4
9b06ec98-220e-4d67-85e3-8055b0ec5bdb;anyone;3;4
800630a2-58c2-4d65-b029-5d0656b009aa;everyone;11;1
0d460116-e3a5-4e66-baa0-34c2066b7058;memory;4;4
e9134771-57e7-4097-9968-59701056d99e;organization;1;6
6d4ece9b-703c-452c-9d51-96dc2f65b953;no;4;5
c022852b-f043-4e8a-a479-b59d84bf3f5d;certainly;7;6
648aab4c-2c91-4ecc-a40c-82e488f3e905;treatment;1;1
3ab4ce7b-6d04-4e89-8083-6be36477413f;risk;9;1
244f0047-96c4-4bd3-8729-0b1c844baa03;professor;11;6
e735062f-f262-4500-bbf2-f061c32b84d9;either;9;5
c07633ae-f50a-4fd9-92d5-e15632e0d894;age;2;1
1ce7da2f-4819-4be6-97c8-0a12aba214f5;baby;5;5
8d4207f7-e29f-4566-8c84-259011883d12;relate;7;3
f6a63915-d35b-4ccd-8fcf-1e8fd032a804;natural;4;2
c3a36579-72da-4375-ab0c-3944dbc234b0;reason;10;1
95fc7245-4f00-446c-8a8b-f4c495f1f449;black;5;7
3117c193-e2a5-4ab0-928a-50b49b0febe2;indeed;1;7
0d2f7a33-466d-412c-8c8b-dd1d85725036;speak;1;5
5143fab1-eaa1-4fc7-baa6-3b9fe8ffe3d2;common;8;7
4e6ddcb7-c292-43e6-9540-319d43b40910;matter;11;7
aed2ddf5-99f4-4a12-a88f-0806925e0d08;push;9;3
ebe1aac1-6bdb-4b11-bf05-774e213c6917;wish;3;3
985d991b-0400-453f-93aa-3c717bf44e21;board;11;3
b4279ab1-69fb-4b06-810c-d408234952ec;fight;4;3
42406f68-d21b-424b-be27-2789a0be8de3;best;3;4
6e8077fb-c5ae-4b18-8dad-9a2fe92a5b15;director;3;3
b940c740-763d-4192-9fd2-7271476967fe;party;9;4
04bc50d6-e3a3-44c2-9b5b-2cb3877746ca;feel;10;1
b95000b6-3077-4c9c-9f87-2f3618c5d27d;consumer;10;5
839211b1-6a2d-4016-b4d4-b965050a1132;toward;7;5
312594af-6991-47e5-ab38-0da5c2d86e2b;machine;7;7
59c493f3-0e12-4527-a9be-f467ddaa6e0c;prepare;7;5
1c811c31-be86-4c6a-946b-430b6c8da51d;business;1;4
800ca8c3-8b3d-43f0-b514-9a8c2a4a71e3;whose;10;7
65261fa6-c13c-4164-8ad2-cd3cbed8b297;second;5;4
34feaa8c-554a-4bb3-9560-3d0cc551e28d;off;1;4
f0d413a3-bc3d-4d47-bc7b-9f6d4f717290;consider;9;6
2c930dc1-76d9-4678-827c-7f3845dad0b9;week;11;1
700424f7-4195-4ec5-9a62-03fc26212bbf;article;8;4
934def0f-e316-4348-b035-87c9380c6730;firm;3;6
463091b6-e2e8-42de-998a-7374ba42f750;face;9;2
09c95ba1-1377-4967-be21-e463a3bf440c;church;10;2
20b43890-d90e-4de4-8fa1-2ff193400e34;everybody;5;4
b2093c88-ffce-4086-886c-7a6e0853161f;marriage;9;2
dc7dc039-2bd3-4fff-a45c-04347c01c779;want;4;2
7fa1c7f1-7309-4c73-8afc-12c5949e148d;sing;1;1
30541a9b-bc6d-41ee-b71b-b7940120d0b5;hard;7;4
922ca03b-d09f-4c9d-bddb-7240b31b2838;candidate;1;2
4127f464-c86d-427d-bda0-f2203a2413dd;him;10;4
