id;name;class;blowout_cnt
2f44012f-b2cd-4bc8-bbf2-ef81b16338da;wrong;5;5
6b764baf-4bba-41a5-b4a2-970a0d280352;hard;10;6
281f26f9-d3f1-46de-91c3-8f9df14435ea;democratic;9;1
ad8c0a43-ac8a-4398-ab8a-82710d15854a;air;5;4
9badb6a8-fa6d-43ac-ae39-481e7e1038ca;alone;7;6
b9894103-24af-40be-bc5e-581300dca3f7;case;1;4
dca54d43-8985-40df-90d3-1ca81b192f05;score;10;6
0055c5f4-ba96-44fa-8db8-4b6ddb77ad56;stage;8;7
ac87e78f-0c6d-428c-a84b-1347272e60e6;future;8;3
84e5868e-d2ac-4f1e-85fc-2c73c42f4223;international;9;2
ed9236d5-f5af-4099-95ce-d7365bda1d6c;moment;11;4
f4f9485d-b4a6-49dc-b393-35463b12d050;enjoy;9;3
72866ea3-2e84-4b96-8fe4-56149d6e74b3;decade;7;3
a829451a-5c1d-4c9d-8157-a9d93f19a83f;word;6;7
7125146c-a377-46eb-85f5-63c671c2567b;suddenly;9;6
b7a19d49-7f5f-49d2-9f94-956b52e7306d;on;6;2
ed87db86-3d1f-44fd-a169-215bc6d7c87a;push;7;6
19b9fb4f-5851-46db-aee5-2fefa9d06123;modern;8;6
e535330a-1b93-4e5b-9b11-c143deb5b803;food;3;2
1cc859ed-4bca-4971-a4c6-605b1c68f672;represent;8;1
b44a865e-1ddb-44ed-b8a1-9d6222d80b95;move;11;7
306f76b6-4a91-4cf4-8b61-ce6bcaa8a676;major;9;5
5f8ecc1c-c436-4076-9b14-a7b16ce6ba68;any;1;1
31a8e705-7915-4217-a31d-a06a5e0a3454;international;3;4
332455cd-b80d-4baa-a21e-ca7063f4e26d;with;3;3
ff0ddb63-c476-47ef-bbfd-d9c8a3252c65;box;9;3
bf6eb4ce-3864-45f7-a13e-9bea54213761;federal;7;6
f86ce6b8-4d24-45c6-8bd0-40d2d7b9eb18;Democrat;3;5
e94ac7b9-ca22-4067-9033-60d995695837;democratic;6;6
081668be-dac7-4c89-ace7-b49f90ec4fa8;hour;5;3
249e0dbf-36e1-4df2-95ac-6edf6eedb63c;air;5;5
4efc1f27-7167-4e31-b609-9b1bfaf8ec82;sense;11;1
91badb6e-3cb8-4716-aee4-31a591ffc72a;civil;10;3
355f3036-c0c9-4a55-bad5-92861f8273fd;five;2;7
befda477-075c-4f09-8aac-84f97d0f1484;claim;8;6
43941ca7-e2f1-42f4-bd5c-29bb8a57ac05;decide;5;1
9db272bc-35f1-4830-9e8a-a414363d7422;back;2;2
287b353e-5cd3-481e-aad4-8d2b86a24b44;it;3;7
d0a11a21-ef7d-4608-875c-77ec361eaec6;piece;10;3
0fd2b64d-8d8e-4041-91e4-594e5d750b35;forget;5;4
c4e807c1-a30c-40bc-9c99-45009731973a;successful;11;6
07c40892-cf51-4a72-807a-f48e9488e3e9;than;10;3
ceb1bc96-8e73-4303-9063-bc2856c690a4;long;4;6
23d98a3d-5b0e-499c-ac64-eff323f3f08e;want;6;3
4fec29a3-c092-4294-ac54-802faa66e797;child;4;1
8ca973d4-f019-4fd4-b512-02730a90004f;that;5;2
4af2f6c9-bcad-4fcc-891c-5ad5633f0025;during;6;4
958ff72c-3adf-4830-a938-b1faa77b5914;yourself;2;6
687de7ed-8dda-4718-81d7-397abe7ac0da;technology;5;2
925dfff6-3e8a-41b9-8d7d-6309b49320ba;cultural;6;6
93f82f12-8618-4116-b43d-9151b9452018;act;5;7
c638d51c-df78-4adc-ab25-36237e12467b;green;2;1
acf1e36d-286b-4dd7-85ee-c522bb8107f0;local;2;7
aa1450d6-3335-425a-a402-a9694758813e;technology;11;4
874f1298-748f-4a56-9b3b-4414dba71191;officer;7;4
52b63981-f22b-4567-aa9d-629a923715fa;various;11;7
d60156ef-fc76-4eca-8844-3dc8925b8a5c;argue;2;6
5c83de04-4b67-46c9-b798-d121448b7d14;within;11;1
f2b74572-0094-42e9-85fa-0b9524cba860;step;7;4
3f5e2f5a-a750-4626-b10e-054a1738f3be;we;1;6
33a1dac0-58e1-4b22-afd3-62b7d5d0579b;particularly;11;4
00515bcb-604d-4f27-ac81-05befb4386a2;find;9;7
2e4da695-1fec-4766-bda9-a8c14147666c;three;10;5
984be359-ce63-47cd-aa74-390dfbe5e1db;argue;3;7
f832eefc-608e-40d9-a685-8be74e7c1946;per;5;4
48d98cd0-e95d-43bd-9228-5a42d6624d34;window;9;1
35e6dd6b-5fea-48ae-a7da-30d4cc68f7e5;themselves;11;1
d0b32c49-19a1-4079-87ac-d1e16d8bf783;establish;1;1
67c173cc-6438-4257-ab89-1f8a50ed6b8b;note;3;5
4164f7ab-9e45-49db-896d-cb404d6e5c70;prevent;4;2
48f8f4e6-145c-417e-859b-ded491eaee36;edge;11;5
6cc3e2aa-9265-40c6-9721-91033bf11256;away;6;7
b7d7d305-eebe-4a3f-be3d-1979c98a45f4;pretty;7;4
16192102-6cfd-40ba-b690-e2efd1734457;adult;9;1
839073b2-9a6e-4914-981a-4e40655f4acc;paper;10;6
d4e271fd-9aef-48dd-93f8-55e600bee39a;game;11;6
77b53f6d-94a5-4508-80ec-7a5d8c441224;never;4;3
6c6492c5-c499-4ca2-ac7c-b03e390a7f76;success;5;6
7068abc0-d75f-4059-8b73-eb424055f06b;I;1;4
695224c3-be1a-49ca-a840-8d6ba65e862a;most;8;3
0dfb156b-a052-4ab6-8012-6892de3c85eb;customer;10;2
4632f891-bb66-46bd-8974-69b2ea547f35;half;8;3
e7952620-d506-4e8f-8b37-47be38236603;hit;10;2
7a9c016d-fa9a-4987-92f8-4e261824b376;dinner;4;3
ff36bf58-389e-41a1-9523-b2818dc08b87;month;2;3
eedecb67-6230-44c0-b5ce-85fa179c1aed;author;5;5
63ec691b-eb94-45ab-aaf5-8dc1cb2b774f;main;6;5
8372f7e7-76da-425a-bd90-00282223620e;lawyer;6;2
73a29077-5e61-40a4-8145-98c2ff98abdd;peace;7;1
eec3bc25-e555-43fb-b80f-c1502426d5da;upon;7;6
8005157a-40b9-44d0-8ada-b89fe80fce73;hospital;8;3
8dd4c0a3-3177-4360-abd5-b462a1ba950f;quality;2;1
fb07be76-9dd9-4e95-a2d0-c800db698350;bad;11;7
14ac1c84-6756-4164-99c7-e9288a7b6475;build;3;7
ddfd1a18-b50e-4837-a3a8-92d2e25c1fa3;lawyer;5;5
c1995da8-5490-427f-af93-d5de03f71eab;media;9;7
0c7abdec-5d04-4145-88ab-366070009409;minute;11;1
1c478794-2a70-4feb-ad0c-67e2974fd26d;force;1;3
6a14d7b6-38ca-4dfe-987a-f56c51b19a05;with;10;5
8fff8baa-6ad2-426c-8548-ce39811b206b;item;10;5
414345e3-bd54-4c62-8604-96706e528d37;training;5;1
1083a6c1-1863-4e13-a0cb-8df5cc898114;summer;2;2
26ba55f2-9ada-43a4-bcc8-b9a07958737f;develop;5;3
a9ad37e7-d96e-4e56-a8cd-114518575511;reason;10;3
77693003-019c-4749-a0c1-b1797bac79a6;movement;6;7
cd3b6145-557a-4af2-a7de-0e88ce208667;into;5;1
02bca770-ee36-47ee-8244-0ab7fb690d77;southern;3;1
29a19ed7-cbf0-4e11-bf5a-a0483f5fd314;cultural;5;1
c1d3d731-2377-4027-9c9d-a3b0a5866093;difference;8;2
b52080ef-7425-453e-ac58-37b09e2a0370;return;3;7
8b2739c8-5cc5-4471-9942-96bb3d575d19;class;9;6
9cc9466f-04b2-4489-86b5-a3ae5c1dd3be;top;3;3
c190022a-8b41-4715-942e-a9721fb1aead;too;3;4
a264715b-a6d5-4b5b-a3d3-c01bc3222221;finish;9;6
b77843e3-429e-4fe5-8066-9b72c930c489;scientist;4;4
b21829c3-48fd-4ff1-aced-c02ebb5e4e26;almost;6;7
bb320220-7d6f-41f0-a79b-d226858c02ea;under;7;7
4e1624b0-6fb5-491a-9a61-ae636cfe5749;health;2;2
b5367f5a-9a79-465b-a8fc-2bb7c9e7c9dd;picture;6;1
1d09dcaf-3fd2-4ca5-8f36-bb928e405fa2;house;11;2
1f7b8a12-0a51-4b1d-b9ce-c03cb77d2601;American;2;2
5c18dac7-fc90-489b-b8fe-98a5710128b6;west;9;4
5039fd6e-4045-4937-b455-1ff9ff27b737;person;5;5
262027c5-a927-4092-b1db-9d09425e5216;state;1;7
cd5ad71f-e556-4288-bca1-861d904b6dfb;church;8;1
1249779d-b887-4a33-a3b5-c6b63c1154a3;plan;7;4
ef67b3cc-4490-4e67-977a-56d61c549995;factor;5;3
6c424332-b3dd-45e2-a600-90dc0409281a;factor;5;2
cc350fc8-0bc7-4042-8429-f47f902f0b7d;employee;4;7
1a6cb3f5-9dd5-4892-81d2-562eef496577;might;9;4
117700aa-af2c-45d1-88da-13a837d0dde8;cold;5;4
87708dea-7a6d-4e4c-8e00-656037f03bb7;either;4;4
7d304d6f-7cda-443a-87a5-4d000ff61988;your;3;7
3c4ff30a-f9b0-4546-89e4-eeba3481a9b3;special;3;5
f53d5b4b-72fa-4a38-a3e9-6d444e12503d;voice;5;5
1e42d374-b967-4b8e-8147-fe28bc8409b2;she;6;6
315384f8-d413-4db0-8a48-4139a579eaba;five;8;7
73e7ccf7-2356-4bae-a64a-882376da1dd6;thought;11;4
f7034359-57c5-46af-a5af-a4729fbd8151;politics;4;6
7cde172f-513d-4523-adc0-f39dbae10c2e;reason;1;1
6553cd79-3506-4416-9b15-1305846d2b65;book;1;3
e6b58f39-1e15-45e9-b96c-9c0dd34634d9;actually;11;3
9f4d302e-9543-4f3f-a62e-29f42a848f44;maybe;11;3
5af42c91-2980-43e5-b598-91af848438cd;mention;5;5
0351a6d3-b0a0-449b-8960-ca099cfcbed3;skill;1;3
d7fd201f-2b11-4d29-90b0-0d6b7d96c292;identify;9;3
71cd6cb1-53b2-4db9-9ce3-d3198f25e51f;Congress;3;6
1033cc99-97aa-4d56-9d5e-d2f69b5bf68c;clearly;1;7
2e939ef5-dc07-4fe2-bfbc-c479ca3cf299;parent;6;7
4b5fee07-37d6-49ef-a9aa-50a6ed5f4211;fill;2;5
adf9739b-9226-4ae9-9926-e1768dec28f3;save;7;4
e03e86ab-e5c1-478c-975c-af3816b2f98f;tough;10;7
b8620ca0-b23c-4985-8608-50d87c2598c3;do;2;4
d9fae0cc-3d29-4555-a1aa-db9722f105b3;technology;2;7
c9fdb7c8-2e7f-4f91-840f-48f032894b7b;way;7;7
e4fb9219-2e0d-4951-bd94-e55b8d9490e3;tend;11;7
88cb3de4-e91c-4c40-bad8-22199923dbb2;star;1;6
7f290db6-8b13-40e3-b31a-d6354a77eaf7;air;7;3
7e3de129-a938-4bc8-be06-cd039e09acd7;into;6;6
1280cc36-734c-44a2-a569-5472f177e2be;senior;8;3
8c33bb3f-b52a-4057-9f2e-e5240f96abb6;sister;4;5
5d9dd97d-70e2-4741-a90b-2f2f662b53f4;car;8;4
86b48924-86d2-4156-b1c2-38567852d7e7;a;5;4
c257551b-f05b-41b3-819c-43832b135005;once;2;1
6783580e-8149-4f69-b9e9-884f2703d12a;win;10;2
bf097af2-de4d-4cc1-9713-3ca44e05a093;enter;7;4
f36ef172-3614-4287-ae68-c5f7ba5b292e;your;2;1
fe3d3363-8d3a-41ce-8c91-d4eaf184ede6;PM;2;3
80f3eedd-8d2d-4132-822f-42912a4b92bc;cause;6;7
2ed4c045-6340-4fac-bdb5-4c04422c30cd;size;1;7
00e52ba2-e1e3-4fbd-b53b-d416e54df5ff;news;5;2
c01fbea0-73ae-4008-8dfa-8f99756a6c1d;exactly;9;6
788e641f-77a9-45cd-b924-8141930a4b4a;pressure;9;7
de427566-0a92-40da-99d4-03190b539a0a;least;11;5
2833f112-5bee-4783-a436-3e271838c97f;building;8;3
1906f203-fb85-46ef-9263-4417a848221d;face;7;4
1ccf19a5-0bb3-4806-81cc-d3b5b9dd8084;remember;5;7
5806c89b-8e4e-45bf-9363-b66aa6636e82;although;3;4
f76030ee-dbaf-4bae-ae92-856050fa999f;recognize;4;1
752ee1fe-54c2-4e2f-85d3-1fde4c5b03ba;actually;8;3
65e7ab55-60e7-4041-ac92-78f02ea65762;require;4;1
d033a97a-47ee-4a1c-8b64-e675bd0f9d3e;wind;11;7
4dea902f-d3a5-4618-a539-e2c28de08c19;citizen;6;4
0835c64f-b23c-4979-ae52-c25adc21fec7;air;3;7
9d548e0c-838b-49fa-806f-69bec103e193;visit;10;5
3eb2e295-e5c7-4e36-9a4e-ab8364cdcb65;act;6;5
f0d9c5b1-ea47-48c5-b0f3-b4726f5b4548;able;6;6
05ed6615-f21b-4a36-9d3d-f77d02e3a9bb;international;9;4
1e81f8e2-5302-45a3-9901-45784e43bf28;growth;8;2
dcbf8a3a-a64d-498f-ad07-379c9ecb1349;budget;11;3
23b017ac-d365-4b1e-ac5a-31d80a6aa896;no;5;5
1678a78a-b9cf-4db6-962e-c0aa8f502d81;minute;8;1
11653643-9230-4160-8fcb-4f52fa6404f2;help;8;6
8484404f-0934-40c5-9b42-af13ad408b2a;medical;2;3
ff6df002-e827-4b4f-9342-c1df131ebe45;develop;10;7
59e04579-fddd-4a38-8df9-2dbb1034fd60;knowledge;10;7
04ae37f2-bc7b-46bd-a627-60fa53591990;ask;5;7
dde83b46-c993-416c-bacb-80086a501250;model;10;4
677b1915-9792-4358-a1d3-deb809173f6a;cold;1;4
8b42837a-7bfa-4a01-be6f-3d59c707fe3b;detail;5;3
20d07633-ab4c-4373-9f6a-b06b18a78626;myself;6;1
45e14df9-018c-4228-9025-fba3149b7460;word;4;3
119689d5-e075-4334-af95-a1ce2dc1ecfe;by;5;3
e7d15ac7-e819-439c-92b6-5b677a1f6985;ten;7;6
7538e465-52a6-4f6f-9fc9-bbba9037560a;cause;1;3
6685563e-3fb6-4775-8a14-d4ead37265c8;professional;4;4
fda61392-2b9b-454b-9d86-f46e532e9ff6;mind;10;3
1ff89d07-79e7-4d7c-933f-24d18f59e338;read;6;7
1431c289-3dfe-4244-bd23-4858145492ff;agency;10;3
0b80e592-c838-460c-9b66-9d1896de99a3;sell;4;7
418f9140-5b3e-4b59-b4cf-d0b5ef895ad8;worry;10;3
de47fcf4-44b6-43cb-b793-7ac3aee28823;bit;9;6
b37c6372-5c1a-4fb0-926c-0b7e72f8ef4f;light;4;1
1b4be763-772b-4d29-bdc0-6355375c9d4d;reduce;6;4
b6bf7690-a34f-4191-a799-6f2e58dbdf72;size;5;5
b6841f8a-db7f-483f-ba59-bfa69c27b024;young;9;2
daf35dae-e9f3-42f4-b52b-affd5b3757cd;positive;9;3
8302703e-9227-4b7b-a76b-d59612374901;watch;9;5
8cba6610-bbbe-40c9-b7cf-d746ad681089;purpose;9;3
9d0cbdfe-0826-4548-8c9d-b222da20da53;door;1;6
cf9dbd8a-7bb2-45fe-babc-1a3574a797ba;product;8;7
99585644-27b1-45be-a42c-568184e0b59c;special;10;5
56e354a8-3062-4c1a-9ecf-f7a0e83901b5;class;2;4
f5fbcc96-4c02-41a9-893c-023e589e6599;hit;3;7
1cf288df-03e1-4147-a501-fbb10fe41d7c;phone;10;4
9bbda8ed-f6d3-47b8-83cc-46eb0573a2dd;girl;1;4
031add19-3c7a-47f2-9a34-0f366cb15132;important;6;2
01c1d133-524d-4ff1-9b0d-6715bbf094b6;government;6;4
b1ee4c70-179a-45b5-bdc4-0cf61e28a00e;marriage;7;1
21c92c30-1047-4922-8711-ef68388698a1;American;4;3
71c2da77-a73c-4c04-8d28-fd68b887998f;during;1;6
5a5b699b-26fd-4920-8ef8-0983ff086b76;interview;3;7
cf82d425-43c2-4ac5-b397-1e69061aff4b;value;5;3
4b5f34dd-46e8-4f07-ae22-7eae48ab3b44;media;8;6
1a1ca63b-955b-430f-ad63-69710121c1ca;might;6;2
41f9d558-4119-4c70-a75f-6e972bb0b6b9;ten;1;4
de59d747-1c5d-4bfb-b9a9-e0744fbaf08d;look;4;1
6a6f2860-276a-4fc2-a39b-bf477f21b6ec;interesting;5;6
a3f2b013-0384-4176-9bba-3f90f7d2a7b6;everybody;8;3
97547d8f-6e6b-4afa-8d96-0c60767503a6;local;7;6
487ffc28-91b6-4fd1-81a0-05572d78f67a;include;4;4
499219ef-7b48-4d4a-bb6a-b2266055f2d5;down;7;2
31034393-8d7e-45f3-a331-4dcbc5b5a646;behavior;7;1
56c90b8c-5c8b-4e6c-bb5a-d6998cd256c5;increase;1;3
233f92da-c355-4390-927a-f576895ccb17;ability;9;2
1793eb8d-f3af-4777-8b5f-61886c23772b;important;7;4
86d97503-0dbe-439e-885a-5f3bc1289cdc;strong;7;7
ab85a92b-e4de-4cc5-9808-bc544b23ea0f;film;8;6
7d43cb35-6b44-4c61-9247-e903d59b70ec;part;3;3
66a88551-907b-4dcd-b1a8-a038f29a8804;practice;11;2
7999c857-f382-47bd-9316-e230ed9b06ef;require;7;2
986f421f-c418-4944-8746-e90fd3a77ac3;ahead;11;4
439855cf-1b6b-49db-b05e-55af204e2021;technology;10;2
1c9e25ba-4adc-4f1d-8e70-2b88935a1137;sure;11;5
1d04dcd7-deba-4424-b55f-d314b8f8b969;dark;9;3
0ba608e8-87fe-497a-b10d-f81bdfab6776;window;8;4
67eed879-d809-4731-86a3-b2d7b4045c69;hit;4;5
5df592cf-1bf7-464c-9b65-9de2f3955ad8;memory;6;4
c4ebea92-064f-4b30-bd2c-9e9eef365e27;a;4;4
551ebaa6-75c1-4db1-81ee-af2b1432a96f;two;9;7
e163eaae-278a-4826-9f06-7ed04132823d;science;3;5
2670c4bd-a601-4951-a129-97abf299cabe;book;2;1
3fffcd28-f855-448e-9527-9911234576e9;to;9;2
49b57169-4630-49c0-93aa-277976312513;show;11;7
ffcd4b6e-5034-4011-a5d0-079e2e42a204;begin;3;1
3c2d0ba1-5725-43e3-9ee9-425fefa2a697;sound;3;3
2cc7dcf7-168f-485a-b61c-f536d12e2911;attorney;11;4
2d64ed14-e912-4559-bde1-cc8aa3cb1826;everybody;2;3
1c61415c-4ca5-4283-8eae-7d099f35884d;machine;6;5
367cc921-b4f5-49d5-9b0f-2eb8edfad732;whether;2;4
86a7b33f-4a18-47bf-a751-fea34333c2a3;pick;9;5
c5807b07-165e-4d35-90c1-8a703fe088eb;nearly;10;2
d7c50adb-0239-4b9f-a0c4-96f1c971f86e;enough;1;6
6b450b8e-8002-4e03-b53b-efcc0ef43a7f;wait;6;1
31de856d-4911-4da4-b3b0-2d364559c5bd;every;3;3
cda27a48-d1c1-4c66-b624-0ce8031d80da;church;7;6
8f0e6d30-acae-4e0b-9fee-b798587cd544;dinner;5;4
4b04e013-8e33-4916-9cce-f540d025f35a;record;6;5
2d028133-701c-4ab9-8d0e-966ee76ead88;say;7;3
e562a0e7-239a-4ac9-b200-f062976c9b5d;loss;10;7
b8c2c63b-d06a-4726-92be-0e5fb4c58ff1;deep;3;1
be70799f-9b51-4941-a410-cf9e23f34bde;chair;1;1
69fe41bb-f498-45de-a56d-e4cd33a41b1c;pressure;7;5
d278da97-2dae-4a23-9ea0-bffc28ed87e2;level;7;4
4e911882-4b7e-4b8a-af81-db036339f919;agent;9;5
a1f81a0a-d9d3-471b-8ec7-3304dcbd7a7d;floor;2;7
0affdc69-250a-4255-9375-fd0b467c965e;apply;10;1
f421d4f9-2d3c-49e7-91cf-424c766cd3bd;enough;2;6
fea1eebd-84a0-4b2a-9d55-938217ac95e4;return;7;7
bae578d1-a787-4c3e-9143-0f9160bf2f06;do;2;3
a006ea8d-bebd-4ba4-8691-7e89ce762aad;carry;11;6
d34b3984-11ef-4eb4-bb6c-e1e51c162d85;out;3;6
92edd9e4-a70d-4e27-ae9b-0d20f93a9aa3;offer;9;3
d27a0023-d409-4266-9a3d-dc392b816594;change;1;4
666f07a7-66df-4324-a97d-f20c3b4da5d1;several;2;5
e4951d38-b09a-473e-be16-f0b98bcc3edb;enjoy;4;3
8391d8ad-8b57-4266-9687-ac09aae5db0c;but;4;1
63cb1b84-b836-4caa-815e-e4d799821f26;hot;10;2
73e7617b-2e36-4933-90d3-ce33e3e5ce72;material;11;6
a0a4a419-1c56-4fa2-aace-06a088f14106;court;9;6
224d0268-3cf7-4c71-8814-daa50e175979;case;3;3
daad7c8b-be9f-407b-af5c-44d020ed3121;order;8;7
b7a1d55c-cc45-4ede-9339-5ab0f57ca212;event;5;7
ea7a7d6e-2540-4b18-96e9-5f9f8d7c4d04;lay;7;7
ef3ff70a-b968-4842-a8d4-e96b4521c988;senior;7;2
562ca10c-dca7-4153-996a-2d3edc3ca66e;enjoy;3;5
35239788-9718-44eb-b742-1876f7dafcee;wait;1;1
50f1bea8-a39a-4d45-ae43-09254bdd93b1;base;10;6
2225f070-e90e-42f2-9e03-ddc58390ce7d;show;5;1
7c8418e0-9e67-49e7-a613-d5ab4c707d06;shake;2;2
ef2b1ca7-86f9-4401-be05-72a1e36fe8fb;budget;10;4
1228f7d7-daa6-4389-9b87-3262899fbbad;region;9;4
2b12abd6-b10a-42f0-8307-79207087af56;able;7;6
aff4077b-004a-4833-a87f-9f90c085fc6f;dark;3;7
b1319f54-ff8f-4096-9ea1-17680da02f29;chance;9;2
8b89078e-f925-459b-b5c5-aa3778712496;consider;8;1
a8bf83c2-fdb9-4f80-9281-d14eba5cdbce;certain;9;1
6aed34fb-8f51-4ba9-b394-3a8ab3371c52;glass;3;6
c6774321-b972-425e-ac17-148d45d27422;stay;10;5
b754bbb1-16d7-46c7-b020-fa8670911207;theory;1;7
90736d94-6643-44fd-bcc9-cb1b54f35a50;similar;4;1
69956ee9-ba39-46c2-a76a-d969eb5add96;because;3;4
18c7fab0-e581-4e29-a593-0007c78addcc;dream;10;7
96cdac86-e594-46ef-a2c5-5f06312e706d;age;4;5
39a65e0c-4185-40ce-b46d-29f7b083155b;five;10;3
2bad94ca-509d-4963-a5a3-d84ddd162a53;drop;6;7
4851a491-d2fe-4953-be51-702f0cc64c4c;long;8;7
619a1e14-0791-436e-88fd-a03c52a4d822;attention;11;4
284ae1d1-10a9-46cd-bf96-fd91378fcb05;home;1;4
06ea8711-4a26-4e5e-be5e-900535311cfd;safe;11;1
98bf16d3-16f2-4a86-aee4-882a4463cde4;mean;1;3
f74cd6c1-b89b-42de-96a0-a7e815118ccf;commercial;9;3
f81f0f8e-36cb-417f-81c8-8e2709fae96b;hold;8;5
ed0609a7-cc4d-4e5b-bd90-3eb972ce8b31;happen;5;2
1ef51994-234d-432f-848d-65ce8e464c18;exactly;7;4
3b54d284-028b-4eec-b4ae-386a985c05cf;away;9;6
04a2638c-ddb3-419d-9254-d0864adc4c47;bring;1;1
2e76acfc-7a6d-4366-ab63-1c2e80a1651c;short;11;2
d28be751-f198-4459-940e-72890de56849;manager;7;4
484818f0-6b2f-4608-b7f4-b5416fefdd95;relationship;9;7
395cd101-46ee-4513-b35f-b3306c438fd7;girl;2;3
44ec47f9-b16b-45ae-88ba-4dba6fe451a6;bank;4;2
5937c60a-78a9-4c60-ad80-78de53ab85c8;decision;6;7
606445e2-a2e7-4f4c-9c94-cd9665583a1f;one;11;4
5c3d9fc7-0702-49bd-9e02-be394dbbe650;say;7;7
318a1e5e-82a4-43e6-b224-feefa3157ea5;green;7;5
976ccbfd-ba5e-42cb-aa19-c7eff4a85c73;study;7;3
fa79d9ba-4bad-48d6-9665-0d4b5628acbf;young;1;1
ba1b8ccc-227d-49eb-9e6a-9a2d5e23405d;choose;10;5
29ef413e-c99e-42fd-a2ac-bfd2fc455fae;good;2;2
f5a7554c-967b-4711-89e0-876c5adbadbb;western;7;4
31a6ea92-71ce-425a-a911-0115c95a9d49;half;8;5
6d13731e-4dd7-4d9a-819b-cdecf1692181;Democrat;9;2
52e556d5-a559-47c6-b9c0-6795ab51351f;try;10;7
e261d605-064f-49cc-bdc8-9b1fb321ca5b;base;4;6
acf9f0d5-19cd-431f-9da2-a471bd781515;cost;3;6
732972af-7bc5-4ad0-b050-8771a26535f8;enter;8;7
6e763834-9eff-461a-ad27-244086520405;break;1;4
4bd3c5d2-e2c5-4bf0-82bd-1156c14791a7;final;7;6
8a992759-9550-4e53-ba98-c3a27c016a10;light;7;2
3be48cdb-ebb2-453f-88eb-bd018fdba894;defense;5;1
f2a1acfb-156e-4a37-be5f-462ec9e4be64;best;11;3
aaf0e7b8-087a-4b1b-920d-14b684c21e81;administration;4;1
afc25a3c-1fd8-478a-87a1-5872a4c7dcaa;full;1;6
d26e67b4-9fba-4466-b2b9-52b654487763;pay;9;4
34957f47-36b8-4ba9-a4b6-1d6fe8567a73;page;2;5
8ffe097a-7b50-4e52-8a0d-8b336f243201;fall;6;3
59f9c645-ec83-457e-adae-361be62bfb52;table;3;5
7f54e161-a5ec-41e5-add6-ecd268e9b849;car;5;6
e3247052-dbe6-4a5c-9c27-b067a5691565;nor;1;4
f0142e07-309d-4dff-8963-6fb84016442b;total;1;5
95b2f5d3-5ebf-4a2c-b0dd-b4a8aacc5599;huge;4;4
a3652d98-f936-4925-9d68-7968db295784;administration;1;4
ccbbca99-86e6-4cbb-9baf-119d5dff03ce;car;7;4
0ea8371b-ee6b-48c2-8930-c9172a4701d1;area;3;5
2cddca35-c906-4b55-b5cb-4b4f17f77184;leg;10;3
b5ec9a2d-f021-4905-abea-f16f1877fcd1;learn;10;5
dcdc7268-220b-4f1d-bbd7-7ec1aaf7f78f;president;10;1
7fa6f975-02e7-4f84-8752-e9d5b82f208a;interesting;9;3
73e99443-7106-467c-90b3-ac1407793e03;college;1;5
c959ae1c-9c01-4c5b-b2dd-6f6fe5ff988a;soldier;11;4
e5bc688d-4f7b-4564-9535-d369061f4c98;commercial;8;5
d0d98b3f-81b4-46e4-bcb2-b05f848b6cf3;deep;11;2
a8bb5343-c0f4-4661-84bd-c2d5c03fa590;film;6;4
e858dad9-3002-47a2-8f08-2b3da8f9cff5;suddenly;6;2
2527c65f-dbf3-4042-8281-2c6d11c6c249;staff;4;5
23517ead-cffb-4eac-91a2-7a1592b5cd78;take;8;3
fadb79d6-43fe-4d92-8688-8ba83a2ea9bc;amount;9;3
5514b0b7-04e0-4cfa-bbd3-230b80c74067;really;2;4
25ab0c0e-cbda-4579-9933-fff0d5aad1f6;discover;2;1
1369cea5-a593-445e-bcd0-85e19046c4fd;mother;3;1
9b3cdcf4-3a5f-43c2-b929-6243fffca238;smile;2;4
82e5bc6a-a7a9-4165-a1f7-718ec7d6dc38;room;2;3
974a676b-75d0-4124-b3c3-01f0950eb909;personal;6;7
091a9c07-d00a-4146-aaa3-b0c5209b8326;place;1;4
e7bc5427-3b80-4fa5-8d58-0edf2289c235;peace;4;6
57725e2b-e119-4e92-a7c9-1849a5994624;expert;1;5
a2bc13c2-7e23-40de-93b7-0d3ac245181c;shoulder;8;1
23d3f465-2cb2-4f14-8d02-ceacbf9008b7;ground;7;3
806c862d-506c-4884-bddb-703f3f802707;cover;9;7
437d2558-91a0-4a89-a46f-4679e0303c82;its;3;3
0604d867-d377-49ac-aa83-f56c2c5c35e7;knowledge;9;4
770d0575-66ea-4a99-9b11-ddf6ccb20dbc;trip;7;5
dddbe021-98a8-4dca-88ea-9bda2ffafa43;general;10;1
7cc2efdc-d078-4ec7-9ce6-6a7d04e4af9c;loss;3;5
2c1e518d-cf44-4bad-979e-2c86956d5846;player;1;5
7ebe04d0-df05-47a8-9415-b3883ecc9139;perhaps;6;5
9a08e2e9-2ce5-4ecf-8c4b-8a5fd3fc8d41;store;9;3
13bc9b9b-bbe1-47cb-9b27-ed4b75b039a4;second;4;5
104cfed8-1b6b-4813-8026-cc8ad7399b7c;test;2;7
3c2cb0e0-694e-47e0-a9b2-25ebe6474941;any;1;3
c4ba082e-15da-4541-b4d2-5a51bca33cd6;authority;7;6
dd3be6ad-4beb-4ac9-8d7a-50914e538327;national;7;1
84faaba7-8a5b-4de9-b76d-f95998e88935;gun;2;6
ced47b25-a82e-40d1-9522-eb09f2d675d0;pass;10;6
3f019aaa-dc48-4b81-8126-611a3ea9262b;low;3;6
7c44a678-56b0-4910-a42f-0b3a4006b881;although;8;6
6909bc26-f88f-40d9-9360-defc234349a0;admit;2;5
93990a61-ee20-47f4-a2e9-78ee6ebfdabc;commercial;11;6
c1c41a86-67f9-4f59-ae27-eb59e659a98d;head;9;3
3d7a6423-e0ad-410c-82b1-df8ea77000c2;pick;10;6
dbe1dc59-b0b3-492c-bbe3-d796dee3d385;because;5;6
ebe48d6e-3833-4ce7-b567-2d9466719808;change;7;4
ce6be8fc-0f08-473c-b553-7a2dd5fc539e;skin;9;3
8483a8e6-6570-4762-a0d8-727f3673eb1b;support;9;2
8cab640f-aab9-477a-a532-cc67f97b27bd;firm;3;6
e1b28e40-f33f-44f5-904e-7bef41953d15;remain;8;7
4d4ba877-9162-47c9-a701-443bcc527c13;anyone;9;7
012a005e-4ed6-4a91-8744-a87a01813b5f;base;6;2
053bfdf4-fa91-443d-8ce7-a4770a40f541;kid;8;4
c995e191-982a-41ca-a707-45e5d3806582;nor;4;3
263bbaf8-b51e-488d-9568-1f32174b4406;garden;2;1
3268c6ae-6212-40c9-92ce-f2b4f53a2c6d;usually;7;6
72033f66-8f56-42aa-9f26-eeb8d250b689;buy;11;4
4d412731-280c-4755-bee6-824777f295ce;interesting;6;1
428bc2e1-5c2a-4621-b6ca-f193e9fa4e08;career;2;4
269ef48c-7fc2-4c07-b760-b16e3251b689;occur;2;3
3758d470-86a8-40db-9055-a801fbe96548;pass;7;6
dc021704-7a0a-48b8-a356-446929438dc7;prove;4;1
d57b55c8-6c25-486c-8ab3-25b426f8ba3c;read;9;3
ce740aeb-859d-4470-b03d-58938599e37c;answer;1;7
de99bd7c-5141-4cfa-bf15-e4f1a38cb6a9;nor;10;1
54470828-d20d-4264-9bb8-3f7fbc08f77c;color;7;2
c9fe3810-a1a9-4969-ae44-d9a7c2b11a23;none;4;6
6e1b02d2-6b72-472a-8ccc-a0a8621ba8d7;art;8;3
8b465b27-033a-4862-b362-474b78ea596b;once;11;1
e6acfadc-884a-4e36-bb7f-cedeadab3926;task;11;6
29f1cf71-2ba4-422e-8ceb-6fd088ba0f8b;ground;5;3
bfb2e974-7228-4f1c-b82a-4bd694afff0c;teacher;7;2
cf104694-509b-4d63-93fc-abfe3a06b937;whatever;10;1
68c157c8-ae18-410a-be04-73ddfac041c9;here;1;3
d6f57a82-218f-496d-9068-fc09a058489d;almost;3;5
de256123-c0f4-4fcf-95ab-bf73ef140d72;rather;7;6
9e9489db-5f2c-474b-a4a9-40c3056b2d23;boy;10;3
f1041f09-479a-44cc-9293-338aa159fa14;cover;10;1
e95011c5-b114-4e59-b59a-2912c5f8919c;edge;11;2
8fe29db8-519c-44ce-96a8-698fcf1090a6;image;11;5
02647ed2-cf87-4be7-a9ea-62971bbae8ee;analysis;7;5
2f8e7f3c-2dbb-438a-9b2b-51eca16a7443;lose;8;4
b8a809fa-9fc0-4ab7-8bb3-6544b5f65ee1;both;8;3
b91a2a23-82eb-4df4-8368-75bdaff5d54f;large;6;4
8a47045b-0ebb-4d5e-b8fc-8c1ae7b38184;local;4;4
297f3e4d-c70f-4085-a877-dcdf8a0655a1;already;6;5
4b3a958b-6dde-4303-b824-03e2d02038c3;serious;3;7
2f58e98e-3d5a-456a-bfa3-1855a526a517;per;4;1
3b6ddb6b-2e16-4662-ac8b-507fd34448f7;myself;7;6
3b3a29e6-4822-4680-8103-ef8ca77f8981;agency;9;2
82f117fe-0725-408d-9ddb-758603007d85;fill;4;1
0c73f363-6c97-4b00-85bc-1d5388d564ed;reality;5;2
5f4d2539-3bf4-4da5-beab-6c5f94861905;ball;8;7
981f60e9-6836-4ec8-b57b-e2e8ebd33f3d;true;5;3
fcb3e034-ea82-4cf5-afe6-08cbbcfddaa3;necessary;9;5
f3846721-d03d-4e0d-a6ea-1549674c31bc;season;1;7
cd255ed7-386e-4f79-aded-1373cc45256a;defense;6;7
a3a2adb1-b253-4699-8a17-7fb6b3312a49;per;1;7
e6796f78-658b-47f0-b8d8-d5475b92eb43;recently;7;1
e25cfd56-7627-43de-a7a2-684116bba222;class;2;3
221e17ab-1242-4679-ac25-b45fea4bfb06;friend;9;2
2e21187d-b7aa-45b7-90f1-8dc548875404;fine;9;2
6261b9c3-f8ea-4779-9918-a919ff64088b;often;9;7
f128eacd-7192-4b19-9fb5-87d3b4f6fc95;including;1;7
d1ed71be-2daf-489a-b894-43fbaa24ace9;must;10;5
17f0ae65-1d82-447d-9f0e-820ee15a70f5;imagine;7;3
a0eec525-ca27-4573-b2aa-f216b1f9f872;pattern;4;7
cd5d2f06-4b2e-43ad-bf1e-cdd191249db4;TV;11;5
fbfdfc21-40a0-4360-bfbd-3c2eb249b93b;performance;1;6
85ae70fe-ef85-407b-b370-e4100c24896f;artist;2;1
1ec82f81-b0ac-4263-9892-9960dedc52bb;throw;7;4
9263ca63-9001-4019-8517-c82a02e73905;behavior;9;3
4718303a-c393-4d58-8708-8cac67fcf84e;plant;3;4
ccda5328-a5de-4d20-9745-e1cffa704fa6;radio;5;1
ff4f0285-ce4d-42fb-ade3-5a75aba4ab57;part;10;7
ea019837-382f-49f5-a34c-a70ec1b90960;attack;5;6
ee4b8fd8-d637-4239-a4ce-2622836fbd5b;too;11;4
6641960a-53ee-418b-a25c-9e9558354460;change;9;5
663b64ad-24f7-403c-b595-09d34fe6f1a8;sister;8;7
8b06e031-7189-45f5-a613-aff1db562f3b;suddenly;4;5
cb9b2d62-2fd4-4645-a2da-62c7f8acd39d;group;7;2
9d42ebe5-ac80-4b4e-92e7-fec3bb17a190;itself;8;2
5648f03c-0388-4cfa-bc69-c7065c26fee7;cold;1;4
6c834258-f3af-4e34-8afd-8d78b6786f19;at;1;2
f1d19670-70d1-47a0-9c7e-9c6728693afa;not;11;6
637c5c8d-d3cd-4594-b48d-f1405431e80b;me;6;1
c5f5eaba-9d1f-4b79-ac24-9d49b9e8561a;cup;5;7
74f93e57-645d-477d-a93a-8760542ad850;cup;1;7
dcdee2d1-cf84-4e63-b083-7a225055850f;foot;7;1
98dde0b0-f244-4551-8887-4e9b8cc29c19;degree;11;1
17fb6371-cb39-4c39-9193-a188c0c6dba8;list;11;3
e759d3b2-a1d7-4f9d-a781-3929e4c6d5cb;me;10;6
e9f303ec-11e9-4339-af5d-1c40826f5d5d;without;6;4
0af7aed1-629f-4a30-b90a-9a85659d68a0;second;7;5
4e7ecc27-42da-4595-9de9-211235ccdc40;card;6;7
8708522f-dc0f-481e-96dc-6dec9af794bd;perhaps;8;3
4b439790-c2f2-4970-bb53-d7b7915e7e2f;base;1;3
51dd7ba7-5742-4ab5-a7e2-7dde3580d3a2;prevent;10;5
9d81ff20-e991-4a23-8f7d-e0f9c59060b4;second;1;7
4a3b83c8-03bc-47b1-a42b-8cabafa3e3b5;accept;1;4
270bfd61-3854-414a-8c48-9f776a5629cc;past;8;2
443bf6e2-2629-45b8-807e-158cd580bc2c;difference;8;3
8d8154a8-d4a5-4caf-a62b-5902fcbbec57;pass;4;4
0d525afe-8edd-464d-b764-91229c47f6c5;total;10;3
6592b257-5258-4cce-8882-4aaa382fe62f;reason;6;4
75655afb-a4cd-400d-b153-8b6baad2d3a7;lead;10;3
ef7f58b6-02f4-4adb-b202-85047f4ea1b6;line;3;3
86ca59bd-b0a0-4a2b-b12b-c4a8b36c7118;offer;7;5
8a3255a6-ec5b-42a3-9e9e-3ea351bf9288;woman;9;4
ebfc074b-307b-4a70-ac6c-fca412f6f649;bed;11;1
fd7453b0-4418-4da9-a5c4-60d1074a9a77;real;4;4
383d31c9-8982-4cf1-b04b-1fee4f5d30cd;ok;1;1
c9876588-46f6-4cad-badf-f37fa00e7055;staff;2;4
797b17df-1658-45d5-b1f6-2096a0355d3a;piece;8;6
bcacbade-8ade-4fed-b83b-f784a8d2ab65;me;6;2
7167d837-c1c3-4ffe-98f5-50e995ccb9e7;middle;3;5
0d17c0ca-f245-4073-873f-cc9a6e754d42;common;2;1
ff70e3d6-5be6-47f7-9c86-6b68064572db;determine;11;5
a97a28b4-4398-427c-864b-dedb83929c94;situation;6;5
b7a0dc70-3c24-4e9c-8788-c2d269592202;thus;11;5
2a8975f7-edfb-47f3-b186-0b8ce8b81705;knowledge;2;1
96e983a3-62c7-470e-95a6-a89c03f31c71;within;1;1
169874ba-cff4-4ec5-8efb-c6cd1a83ce83;television;1;2
36c7a771-b604-4189-861d-d5154f16ad61;half;8;5
77faf8a6-9a18-4dee-b13e-f4a4f76526dc;arm;5;1
505c1900-338f-40cf-8aa2-e8ec78eba616;ago;8;4
fce372de-d597-455e-8e61-6528cd0ff6de;list;8;4
5e04a679-7849-41d4-9c9c-8cacdb8963ab;attack;5;2
39945ec9-1f45-4c8f-b1d6-b0e66de689d1;skin;6;1
4b23e83a-e3ce-49f3-b8f2-c7b748f8c0ea;identify;3;4
0395fdb2-f6c2-4c2a-bab4-50f6d1b7eea8;drug;5;3
9f4f82a6-0235-45df-b87d-ba853c1f1e67;relationship;3;1
b6fd64c3-01cc-4418-8aad-bb0b48ff6a58;see;9;7
08cf0c21-cb44-433c-8dab-439e9cfa19f1;choice;8;7
527ddcc0-899c-4003-a0ec-1cfd5279d027;scientist;10;1
23539567-deb4-459c-aaec-c28ddabdd2a9;when;8;3
35974b84-9d3e-49e1-ba6d-582df8a786df;listen;9;7
ccb163fe-5b53-4996-b4aa-f16c294cdfb6;air;8;4
5abb8e99-3946-4507-bd93-044bdc83106e;candidate;7;3
f4163c24-2a34-4242-92b9-4637a0fc1f28;full;7;7
653a208d-6191-41e3-a394-d7f5b080af3b;along;11;6
48da3740-f5ee-4009-9e81-a3d5564b6659;walk;3;6
3fe060c9-7c03-4bb4-9e96-7abda1fb22c8;film;11;1
8360a731-30f0-4e87-9bb2-0657058e4054;safe;6;3
d622cf2a-3021-4286-b9c2-3a99264d5bb7;send;1;7
db513824-0e4d-4f2a-94e3-0f798b73e290;blood;2;3
124f2336-f88f-4d4b-ba65-edec46f40e5e;his;5;1
a8c04001-96a7-4f53-9ea4-36cdab3a881e;blood;2;5
fd1c56d7-5440-4fc3-bcf7-1e9a382c00f3;town;2;3
04ddefd0-57f5-4af5-972d-f57be8962878;campaign;4;4
124b2cde-fc78-4534-b27f-8810affe5f56;my;5;5
685007b1-0e93-482e-8934-5268b25fdbc2;between;6;7
ea327213-1fbc-4e51-bb4b-772852489177;front;5;4
1be68824-03ae-444f-8621-cd573dd6384e;above;8;1
b7407c7d-5d08-4937-992a-23d837c4f777;reduce;7;2
f42a6bf3-8428-4cd3-a28e-022c788072fd;one;6;7
956c34f2-e074-42c9-a019-ce463154c376;available;7;1
d2f3e784-2d45-42ed-9643-90dd1bb4ddef;peace;11;2
99654f80-b1e9-4a71-baa9-e7309e4cac44;provide;11;2
82585de0-0275-42fb-8d3e-83d4e847d480;read;8;3
477e4a08-fdc9-471f-a5c7-40307b33c36e;music;4;5
bc04e804-b2f8-4a2e-b001-7a5bfa3ce261;understand;4;5
46632acf-ff4c-4282-b959-08739346312e;as;1;7
ff8177cf-6a29-4c84-8f49-bda1d6090806;six;8;7
fbe855f1-14b4-4aed-88bb-527a7f5fba6b;task;8;7
8d85616f-b768-4f24-a317-630c893f9288;task;4;7
70964cfd-794b-4b0e-b015-6cd8d7e396e3;so;4;3
aff32d65-7cde-436c-b5a3-f77fc558f8dd;pressure;10;4
832829fb-eb4d-487f-82d0-2b87216206cb;author;3;4
0466ffed-752e-41aa-95f4-a82ce00fe72e;either;3;4
104afbeb-497c-4f9a-b7cf-e9ee5e2f9d3a;hotel;2;4
c5562363-5a69-4b56-b2c9-d33460cb2114;anyone;7;7
395cc050-4e77-4647-a5dd-deb4837aac5b;material;9;1
4d386d5b-abfc-4960-ab07-6b6b1c7b2b5b;store;11;1
d03ebf7a-71df-4648-984d-e487e7e542c8;city;8;5
8b749720-0080-4cec-a801-96e795e769d8;economy;7;6
c698a152-d000-44a0-bbe4-e0adac59a68d;or;4;2
b0babae0-e20b-4cbe-b278-caba47481b9b;increase;4;4
b4a3f1aa-62d7-418a-99a6-f839a5baf58b;fast;2;4
1a82de89-8b14-47e8-ab66-950c4ff1a30b;tend;9;6
d9db48cb-6b3f-4f23-adf5-f5bacc01257c;first;5;3
baf0b879-c1b5-43e2-a07e-81f9042086a2;cut;6;7
9a3536e9-4081-40a0-aa24-792ffb554b80;international;9;3
5959e937-bb3f-43b8-9746-30a874533ed2;region;6;4
f5a7dc1b-e0ee-4ecb-864f-5c25c700ca8e;carry;2;6
d205a0e4-952e-4d2a-b17e-e114e02ea8be;because;1;1
2553352a-d904-47cc-9ab2-cfdba92653df;resource;4;7
bc39a350-9b38-4373-b9a9-fe74775851c6;road;3;5
385a4a37-1cdd-48d8-92e2-1486edc34dc6;reach;3;2
a4589c64-3cb1-4a53-88a0-e2c8dbc5c0b3;final;7;4
17a0ee38-dc1e-47b8-9f8d-1f044fd1243a;fund;1;7
c83efb9e-3357-4266-bc6c-9ada74fc6021;end;8;1
1d0f2702-6b12-4a86-a5c5-acfe077a7005;character;10;7
53bbeed5-dd6c-410a-864d-830daea6877b;some;9;6
941e592e-7901-4ffc-9bd1-e6d418631f8c;east;1;1
28458d60-b5a8-4da8-a35d-357de2e043fc;kid;8;7
81ed80c9-45cd-433e-b430-78e435255159;night;6;4
3611616d-44b6-4d7c-a913-2b790ddaf447;concern;7;1
2a1ff302-2894-44b5-ba93-39265e6583da;watch;5;2
c0c0ecd2-af5c-4948-985c-96a482e1f3b3;realize;1;2
478ea45c-6af7-46c4-bc86-8b431d844ca5;prove;11;5
23951892-1b2a-4b6c-b855-032ac45f71a4;thought;9;7
bcba878f-8593-4a57-8779-2b98335947fa;response;2;6
265ce12d-b7a9-45d7-97e3-48ff4b44316a;likely;1;3
ff4bbf79-6263-462b-a360-12ecbdcc6586;radio;9;4
5d842499-a118-424f-b65f-2329d70ee608;key;4;3
ef0422fa-78e4-4e1c-b3b5-9c2a9220bc3a;watch;2;2
afce0f9b-2e8c-44f4-b718-ae0650fb2061;ground;2;1
dd9623c7-89ea-4f36-bd02-261a6b1ac27f;career;6;6
0e904c1c-ea19-49ff-9f03-a68a0559425c;benefit;8;1
9f47dcde-1eb5-4f20-8363-fb7e588b4379;must;4;5
65dc4338-3922-4306-9b97-011dc6297a98;rather;8;7
142dea73-5117-40d9-850c-b0d954b95f8f;deal;11;7
fd23674c-11e7-4445-bccc-9e095b4f8e53;city;9;2
d1d7868c-1489-4e59-b73f-1e5f06715a76;scene;11;4
52af429d-aa8c-4113-8c5e-2eb91f0ad9b8;notice;6;1
7751f07a-9a19-485c-9728-fabe29becfcc;indeed;2;5
ca749b5e-00df-4b7b-a8ac-84fca9095e9a;rather;4;2
f37cb771-5f09-419f-8e9d-62e43e102dc9;clear;6;6
037c99f7-12ec-43c6-a79d-99089ce661cd;doctor;1;2
0fabe347-c56d-48e1-994f-908108f65bc1;country;11;6
5dc8b84c-1a6d-45e9-a6a7-c0a89a35965e;east;6;7
16944780-e1aa-449e-82cb-9890b17653be;group;6;4
4c66e42a-32aa-4c3d-af52-2ecf8513d609;product;2;5
165d074a-1348-4ede-82a3-10917bc6c343;personal;3;4
21b7ae43-9495-4f39-ae3e-a9ab6e8ba801;establish;9;3
a914d5fb-ddfa-4fd4-9bef-29cb6cec67ea;author;1;1
1e53cf57-660e-4fb2-9b0c-b9206b10b23b;community;1;2
033f400b-73d1-412e-82f4-bf57388e7814;responsibility;3;7
d9aca484-6957-4d91-8edd-2f34bc96e8d4;they;11;2
57e9fb51-0d8c-4527-ad57-e8a2d9eebd90;town;3;2
94b1af1b-9bd6-4d69-b726-12be10eb895c;force;10;2
6b149319-6eea-4cfe-85e8-4602b56d37a0;design;5;3
c38589a8-7bb3-4d31-a63d-d913d73921f5;office;5;4
061c2fd6-d731-4472-b6c9-50fa358999df;sell;9;4
8dc983bb-af81-4b73-a8a5-c360079664ef;start;1;6
49a97e4d-970d-45d2-9c17-fb91289a204c;study;10;2
fd666082-86fe-452e-af2f-f0bce59abe9b;outside;3;4
cb3cfb3b-3fd4-49ce-9ab4-753b5425115b;figure;4;7
d19d5011-85cd-44f1-8379-119da0b098b3;quickly;9;6
d4031000-f9e1-4646-acbc-d698cb1ee7f9;country;11;2
eb3d8250-8d4b-40b7-9aeb-d144ad489595;yard;8;7
3ee658e9-4a4c-4abb-80ca-36e04a8281e6;military;2;5
02a6d621-f5b0-45e2-85c1-51490b06d712;than;11;7
026b4615-714e-4224-b153-04eef0bf1ec0;boy;9;5
5f9bc735-6e2a-4946-8664-b2e5a8f74c75;month;2;1
8b68e26c-39cb-4e35-8edc-948dba30c332;compare;4;3
71839e1a-6942-4349-9f08-31d848e9f1bf;research;2;5
b9301e91-6cc7-4cbb-a67d-1dde6873c526;national;7;1
ef4baa06-927a-4b4d-beff-f28799bafb26;all;10;6
8be8a505-e75e-414d-8134-7ec67a277d72;enough;3;3
0d9c99fb-74ab-4a8c-bed4-f7d63f7730a6;direction;10;2
61db5934-ff0b-4909-94fa-7c39be386b8e;service;10;2
f80c732a-ff1d-4e62-890a-26aced3ba837;dark;6;7
21bb4a33-08bd-4c8c-806f-d956a2f9bb4d;small;4;2
831cc277-ddb2-4c9f-a05f-60c56c837614;and;4;6
7977a3ed-1e8b-4e6a-bb6f-0a190108d065;try;10;1
3b618a48-11a2-4a64-9ac8-dddb591a4c52;add;10;3
7c12296f-6ecd-4d88-8dff-bdc8c49a9aa1;race;3;1
99fd1c67-5f62-439e-a1a9-9f4d69bf6575;image;11;4
b2bb3936-2135-42fe-9e62-40a6f438b798;argue;2;5
4cece23f-69cd-4d90-9035-a7effdb8bd4a;must;1;6
b7843ebb-6510-4a54-8750-3db377629c5f;single;3;4
3cf030e2-61b6-4226-8eb4-4bf69f692aca;should;8;5
4d2691e3-7c4d-4893-8292-f2bb928cca54;a;6;2
e213bc9c-2bf0-4c51-860c-890ba278993e;data;5;3
455d8db0-087c-4297-86a1-b6aad30c0084;bit;5;6
de6a5de6-6cd8-419a-adb9-50dcb28b4c9a;trial;4;4
f58032aa-b147-41b4-a1d2-1f35415d39c7;quality;4;2
e0b82a18-f0a0-4fbe-99b5-e3dc52ddeb23;realize;1;3
28b7f6de-9a4b-434e-8e27-9929eb76c8a1;trade;5;7
b1642831-37be-4193-ac46-65431d446492;add;5;1
551282d3-5f32-4c22-8b69-98fb723d84db;feeling;6;5
c2a7c9c4-6312-46c1-a1f6-77b8d3710e45;especially;3;6
536a3e7a-67cd-43f6-9e19-fbdc43f2e9ac;my;3;7
a3e897b9-e900-4db6-808c-326cf4de603d;act;9;3
a518c2b4-46ff-42d4-8c61-bac4bb137363;as;11;3
f6fa4a79-2751-4b3e-a6fd-ff6932f4266b;wear;6;3
40565714-a5c0-41b6-90d6-a66c04054ff2;money;4;2
1bf818d2-5316-41bc-a623-105d4a7a409b;person;4;1
125391e7-6b63-48fb-8b98-947663d74b25;remember;6;1
dc7ca9ed-1cd1-4ee1-91d4-b4b119a9aad0;start;11;6
58a1e53a-d460-4900-9779-b6476fe419b6;future;5;2
f4e6fbdb-1be4-481a-85bb-c4fd6eed9760;choice;5;5
71ac2038-1ac7-4d52-9159-aff5e516504c;physical;1;1
e961a336-548f-4052-b150-1fb9fdeddba9;news;10;3
a8522250-2a13-4181-ba6c-b43ff79a83bf;physical;4;4
fe1e5706-aa10-4446-9523-83bbca3f6f46;million;4;2
ac9787bb-1872-4889-8a02-1a690b8551f8;behind;2;5
9ed24824-1952-44b0-bbfa-d5919e26034b;upon;1;7
4d8694ac-59ab-422a-909c-e57b77faf64e;example;5;6
81e3e5ae-851e-4dff-a474-13300c25c2db;program;10;4
6d4c8a8c-7cc0-40ca-8016-3f832811f95a;surface;3;6
97ed48d3-3c43-4146-89c4-7c5e2f1bf96e;rise;3;5
ffe2aa32-4817-4f48-9a7e-773effa31a1c;interest;11;1
39db3b52-81e6-4079-b175-be94413e5615;year;3;7
1a7393ce-1dc6-48e1-9a1b-5e684383549f;pretty;9;7
126877bd-b5e3-4673-8d4e-e62eeaa5695c;low;11;7
8ecfc87e-8a24-4b9b-b967-25e6fdd33f87;show;11;6
6bd5ce83-21f3-4bf8-9f0c-176e3952fe1b;ask;11;4
5f5db600-8fb9-4bfb-8636-9aa83eef687c;because;9;3
39cdf36c-70ea-4e07-94ea-fb3cd0505d4f;foreign;10;7
b715f4af-d0dc-4b96-b3d6-5cf73339cfbf;picture;10;3
49c2b10c-b02d-447b-a44e-e429f5e919a5;food;1;4
4268b15c-6741-4754-b67a-535b86c09ca6;threat;11;2
c5e38437-5851-4253-8d90-a79bdcf38ce3;draw;8;1
60bc52d2-b4d8-4286-b090-7fc6b4cab68e;significant;11;2
4fdfdfec-5fe9-4507-91ed-8afd1c226a11;experience;3;2
cd655c54-ecc5-428e-bec7-39bc6633c52f;success;5;1
5ae24528-df63-4bc1-a605-f7aac18ff82b;talk;1;6
3786d203-9e7b-4229-807a-86d234ed5351;only;2;6
c680e6eb-b4f6-4467-b778-f790ece77008;contain;4;3
64c4b097-bc5e-49bb-883b-d2fa88d84fe7;assume;8;3
4f8fedd6-0daf-4fb3-8c73-448aba7d410d;station;9;1
9f444a3e-da7a-4a55-bcd7-505ef53d0560;entire;6;1
77f61250-c289-4b84-8100-471a92f139a7;story;11;1
ad9b1edc-5a68-4dc0-8348-d74f0f784eea;we;8;3
fe09c6fa-7116-420c-a6cc-3438f04aa3a0;available;7;4
09778c36-d1a6-4b7f-8d90-10adda718696;them;11;6
0e8dd693-aa16-49ce-8c81-a8401264e9a4;later;6;7
99cf984f-19d8-424b-bfeb-0a6d8f0d76a5;account;7;4
b3a41ba3-c1b6-42b6-a82d-9fbba70b22f9;war;3;7
fb15b27d-db29-47ee-b42a-760287e6258c;individual;7;4
bbb7e7b7-035d-49da-b140-f62b7e0b5047;say;2;5
4ba68446-df10-4b34-8867-326b758d71c7;opportunity;5;3
32805e5d-74d9-4ede-be6c-386845a75c66;consider;2;6
629a496e-5fd1-4ae8-8f76-90b3cde5773f;name;6;3
49561e37-e764-414d-9633-0b54ee02eff6;radio;7;1
34f462ea-7c6f-4ce3-a5d2-2f4b49c85ec3;item;4;3
9d0ead25-6575-47b0-852d-16759e05f865;relationship;3;5
5db4e50e-3279-4351-a55e-6b22e715acdb;group;7;7
1e292b61-2665-4201-9790-fd01db468416;bill;9;1
db28b831-4b1d-4918-b600-2da4e1e8b21f;nice;5;3
7e29d8c4-2856-4f59-ae3f-11b0cda04b06;ability;11;4
6c4e2cea-c556-4306-bb09-e485c4c2cae2;discussion;1;5
8abf6f29-c534-4999-be25-c3eb20ed7df0;defense;10;6
8e73c3f8-2a8f-4ecd-84dd-6b4ee78ebc65;service;2;7
ff78b64c-88ae-496a-af11-3c086abd9d34;apply;8;7
192994df-1b3d-48f0-8c82-b32b6fa5457a;break;7;3
98534f6e-479c-4689-9832-15e876270ec6;day;3;2
1338d285-a436-451c-83b8-a3185baf23f4;high;5;6
b654e54a-a9d3-4dc3-9b8a-f930116c0dbd;stop;4;1
22b07a4b-b4c6-4151-b812-1f42fffa0b24;maybe;5;3
df9dd71b-fc3d-44ed-94b7-1d964772efe6;clear;8;2
ea2ad25c-1dd4-47d9-9a22-9ebff3c794b4;return;11;4
71876d7a-a938-4e44-a59a-631f18d13325;share;9;5
93428f48-de7d-414a-bbc0-6dff470f8443;find;6;3
f885ecfa-9497-47e4-8a48-7b1559c6b09d;fire;1;7
a5b292b2-e017-49bb-83f9-d7d748dee07a;next;6;3
0874b440-e11a-462c-9b38-0e17e03db9a3;able;11;2
67d83a7b-14d2-43e9-83a7-6c33b9b538e1;two;2;1
024610b0-4ff6-4d0c-b732-8cf0a3774a3e;indicate;4;1
a586c672-a42a-45f2-84b0-30509d6f5e73;remain;7;6
048eee84-03fd-4df9-93ff-606a627259a7;together;6;2
44ca6af2-29c5-44c7-8b8b-5da5c4038e64;family;4;5
0c188614-294f-45a1-9c54-b0ef69ef2a4e;police;1;3
9dc6cf0e-096e-4632-9538-9a657e264543;teach;4;5
ff943690-04e3-4053-893f-dcc84f917d11;crime;8;3
ff7b5292-96e1-43db-b3dd-48a64fd6f81e;treat;7;7
d1b855a0-89aa-40c5-b84c-36d98707e1cd;citizen;9;2
9d632366-bb7f-4906-a263-ebf539798dd6;image;7;5
31f1d9bb-4d3c-421d-bb44-40332f9db92e;source;4;6
bc14a251-be4f-4e72-b097-3a87f65e0b0a;generation;6;2
d23ef5d3-921f-4ca0-bd8a-ae883b8287e8;describe;6;4
01e1978a-2b5d-4f2d-8883-3b7440c1cd2c;water;9;5
5cf24266-b541-473d-aa49-e507b5cfc5a9;voice;4;4
cfaec7af-1a02-4d70-a804-f3d441bc8ac0;play;8;6
7df3fff3-6b03-4c31-bbff-451971ef1027;customer;2;4
a2673b9b-765d-4262-897b-b3399089cda2;season;5;4
b78098c3-045b-42a9-939b-c73573f59a32;discover;7;7
b435d06a-05be-4abd-9b54-928b0955288b;interview;9;6
57be3e71-e598-4533-9043-57987c0222f3;particular;1;1
94686f1c-b8f2-4afd-a6e6-1a4834ce2d5a;star;8;7
fb8d3145-5f80-4dfe-a91e-dbd581cf377f;somebody;4;4
a0a48a38-bb44-4c76-b585-629bf6c58a8f;some;10;5
716d13ce-fb39-4614-97b5-f11c193f3d81;evidence;4;5
6461673e-d899-482f-b6d9-1b99eece5003;campaign;3;5
3017f16e-7a47-4baf-9ca6-7a8a774d93c5;threat;3;3
541b016b-aebf-491d-8b89-ee8ee4913e48;relate;7;4
f5a39f57-e991-4989-9774-eec2eab8f5bb;decide;4;4
629c2650-71af-4f52-a6ce-4aca4f7b819b;production;8;6
a41b34b5-ca97-4a22-9ac9-9207a5d690a2;because;5;2
6cede207-7c5a-449d-88b1-389d86e52f21;then;3;1
fd24c34e-8def-484c-8318-f15074a6a8a4;improve;10;6
7cfc2601-e5fd-4147-a527-41c43ad62c89;heart;10;2
c86ebe1b-c6ff-4f80-8157-920eb474a44a;sense;9;4
4aab63ed-194e-42a4-a924-8de57f757cb1;administration;11;1
7814777e-895e-4265-bd59-b4216e634515;radio;2;4
183e0d9d-2fd6-4627-a387-0ef6da92f20f;black;11;6
22472651-ffbf-480c-bb80-6233e665acf0;senior;6;5
76c0b992-f280-4a94-bd10-230582bb3b2e;join;1;6
5c17980b-4ef8-4a6a-bf36-212a7f1dbf1d;page;4;2
782ec7a3-700d-4592-b069-1a44e83444b6;seem;8;4
d275414e-ae5e-41a5-b9c8-3491ca71ab59;idea;2;7
ab8aac23-bb30-40ef-8fda-e593ba5f27e7;job;9;5
1f52e8ff-df3b-4734-94b2-3ac40e5f9c2f;my;9;7
c3186998-560d-42f7-bfcc-27d7e8d2d605;himself;11;4
5d875e9b-2864-4d6a-b96a-380d461eb138;per;4;1
c40dfe84-a4d9-4249-8260-0709c4c60a77;decision;8;6
71b5cf63-0a33-4846-bb28-7519a15750c0;responsibility;1;4
f31eea62-03c0-4a00-a7b3-5b498e3a477e;financial;11;4
95690460-33de-4d2c-af45-ce23732f3ad8;serve;11;5
2bc5032e-50a7-4959-ae57-3b9bec8bc094;reach;7;3
bf5d4cf8-c06b-4e46-9503-b990f1b6ac06;hospital;8;2
ea94136a-2467-4af4-8ff1-ce234cabe70a;technology;4;6
a03ea4e5-ff48-40c4-8d7d-b1bd20d0d95c;sea;7;4
6871a755-9e06-4cc2-a00b-fe76f3176ec7;sit;5;3
0e59ce8e-3cc6-4051-887b-047c6497dd1c;meeting;8;2
2033718f-eb36-4447-bb8d-59c16a91ae02;argue;1;7
9b2dfe1c-b1b1-4302-bc1b-c30cc7708227;Democrat;6;3
fc461bc8-747b-4c05-8534-ac0ea6ca409e;center;1;3
e2803f43-4365-4fe3-9ea9-b5cd2ebe187e;left;4;2
924d7188-c709-4609-b1df-4889282f44b2;card;6;6
97123455-de46-4430-a30f-082a63480e52;PM;10;5
db7f5434-0c9a-42ec-acb8-20c0f89dd856;his;2;7
b5ec92ea-2e57-4dfd-bdc5-ef00a8d144f6;system;7;5
73ffb9cf-71b5-4036-adb5-db4cab108501;add;9;4
ad5ed6da-b36a-48e4-ba46-b4b1a0155ae9;and;5;6
3b4636c3-9c55-49ae-b6c7-c9febc5b754f;sit;1;6
874cb27f-a2bf-4dc9-9b80-841c309c3c1b;help;1;5
8a9d14ac-27a8-468d-92ac-1bdc250e4840;staff;7;2
e2b04fdd-f8e4-4fd4-bdd8-e4ffbd172b90;risk;6;5
6e749fb1-6ffd-44d7-b6fb-41029e95ec56;common;9;4
0631f719-3792-485b-a6c4-7c17d8ec0e72;course;9;5
d0579484-b3bd-4478-bb94-c7d29aa81322;through;2;5
b9c70337-cb7a-415f-9551-a6b4930b72eb;they;1;6
2708fd60-5a67-4a2d-826a-7aa3ddb8f038;develop;6;6
99e702b6-a9c5-4238-8fef-d4628c2fcffb;we;3;1
299c5acd-d2ac-4e03-a4a3-fcffc7e66f4e;degree;8;3
c3d3632a-7896-41d2-b7e4-a24787b55c57;every;3;5
c339d961-059d-48aa-93cc-872db747a09c;history;6;2
6383551d-5bb8-4b60-8c1a-fc716ce48c8d;senior;10;1
2261c99c-351b-483b-bbaa-157ecbb8a5e2;walk;10;4
2242afaa-b624-4d4f-8814-90e80b5f9a6c;because;3;7
1024c297-9a61-4673-851b-8739c8300ecc;foreign;8;4
db33d40d-d145-49db-b724-0eb475512123;girl;10;3
909c5704-717f-40d1-b207-c9d17605d532;audience;7;1
d0030aa1-296f-465b-b774-fc41567c7b46;over;10;1
d937ffa6-4d91-43c9-8649-e040caa64c67;section;3;7
f6f26d70-0c22-46d6-88e3-6bf10aa8a61e;crime;5;6
20b2d8be-5d65-4b06-ad49-2c915cc9d11c;beautiful;9;5
b9eeda3e-d066-4ff5-8f02-be851b8c1b60;view;2;7
2a43d6c0-2178-4d4d-acc6-f7168e22b5db;option;8;4
852a1999-f206-4d79-be9a-6b3dc807501d;green;8;2
d3a954a5-5c0f-4ff7-a88e-275d3a971c15;throw;5;4
ae0d51d3-e3c0-4f83-a944-6c47ed4d2a0d;approach;7;1
ea422dcc-12af-4881-a037-d0bd9f3983d6;strong;1;4
668e3af9-219e-41cf-882a-837e9ffbe991;increase;3;7
4305bd08-2e12-42ec-9fb0-5d54a12e9543;show;4;7
88f0ed1b-c70d-4bd1-bd79-2402a2c2e097;sense;10;7
c42c720d-cf49-44c9-aafa-9ba3a8cd6472;though;4;2
34864cb7-41e7-43ca-9f66-3ae34cbccda5;base;7;4
9d6638ce-55e7-4d0e-a1aa-3a20b10736ae;someone;3;3
417c8b8c-6ee1-41b0-b79e-b2ead731ca82;able;5;2
ac0d87c3-2da8-437f-8c56-445346b6f98f;left;10;1
466c26e5-891d-437b-a5eb-949efe62e9e2;ready;9;4
6d2f3936-7b7e-4395-965d-0afd8fbd0f27;interest;3;6
443fd90b-5a4d-48a6-9965-4f50e576afbd;sing;2;4
8e0d2cba-58c6-4ed3-83da-678cc72bbcb6;data;6;5
e9e0454f-4909-44d2-8ba5-3903880d8c74;well;4;6
5854cc50-d581-4e91-af35-1eebacfc0504;less;1;2
62d3bf3b-4e46-4235-bda3-19be772404a3;they;4;2
8af30a75-a312-460f-a3eb-b807902eada6;wrong;3;5
82df5f7f-82f4-4096-abd6-9f9f64400458;standard;1;6
b1e64ae2-1a85-4549-ba3d-778d8dd6a3bb;back;8;1
f99e30bb-d882-4446-9046-086008081508;economy;8;7
f54de7fa-9e1f-4dd9-830b-7d706b991907;country;5;1
78ef14f8-155c-417b-8879-5ec85ceba4de;deep;1;7
b91a3159-123a-4691-a05b-514ab6ea49cd;those;5;3
53408449-4d7d-40b1-9eec-1be55d11e0b9;alone;4;3
db3423f7-b0cd-4dd1-9238-bbb62d921440;thought;3;1
0f36a1e3-bc6b-4335-b230-3598af4718d3;option;4;6
d1cbf7ab-889c-4c92-b858-cae529e16e08;nice;5;1
a8cd57a7-e250-4aad-8c7f-8114ec76fec5;whether;1;4
12df7c18-df0e-4dbd-8a71-2e5f8598f25f;stage;4;3
fbc7b103-2b21-4883-bc00-0303ef0f984e;beautiful;4;7
069b99c9-f0c2-4aba-a664-663b0a615a03;health;7;3
54835424-39c4-4840-9d18-d240d91a366d;movie;11;2
3679e56e-a197-4a55-8301-961e0fc9bd04;watch;5;1
0937cf42-12d1-4b22-8414-519c88c29711;which;11;6
58935717-f1c5-4bad-bf15-e096feb33c09;agreement;8;4
5fe18ee7-c718-4b67-9e7d-55f569106e47;might;11;7
b2fd6d13-e0a0-4767-86ed-60ad037f12e7;hospital;6;6
efbf760d-7ff9-45d3-a73a-5336f5947037;indicate;10;1
4317b0cb-2f32-4cd1-be67-920fae12d7ae;any;9;4
06cfcdcb-79b5-4dc8-800c-50292d332853;huge;3;1
2321a2a9-bcbf-42a0-9535-87267b61bb43;serve;2;1
5764b2f7-df1f-4107-8204-e1f143aabeb9;manage;3;4
5966c3fd-d869-4b95-9246-a70bbb5e203a;group;4;5
0e6a590b-0df9-48a9-b52d-d0a2f7378866;rock;10;3
e49748b2-6189-4418-b3c6-ad618f6e1516;easy;8;5
088353fb-d66b-4d51-8dcd-f55037c6149f;consumer;4;4
142afdd7-19eb-4c55-a679-96c281c9c8e5;least;5;7
00327e66-eda7-4923-9bfb-08b9d5427efa;firm;9;2
2027e5fd-00c2-4f50-92e9-d26c29f003a3;upon;2;6
e3fd6e63-cf77-4c7b-a9fa-1c8a9a078457;wonder;4;6
d1f5887a-cca4-4071-9ac1-3e1b9e667542;third;3;2
fbac7583-47ad-49c8-96d2-e3b725c1a5d1;under;1;6
9e508f17-f5a1-45c6-9eb4-8ff20708d549;get;10;7
f6df4a15-7c53-4969-aaac-179afde6e0c3;this;11;7
a2b86139-8a80-4604-83f7-2dd23f466b38;me;3;4
c4c6de56-6cdf-42e2-b1a0-86686b9320a5;try;9;6
70d82848-7153-4b61-9f66-348c0df30b84;follow;6;3
0cd493f1-b322-4110-b63c-dc096b4a21d2;half;6;3
0b732eb6-5976-4aef-98aa-3ef1085441d5;contain;2;6
a0d1dac7-e4c7-4d87-9c21-3d3fc6926a4c;quickly;7;3
d7c365ad-ddb9-48bc-9381-23b014da2c9b;nice;11;6
83f1f9ca-f93a-40d7-8b81-04fcd8e8af47;thank;6;6
bc494c6f-f7bd-40bf-bc91-ff23c8251e58;car;10;2
da22a9ea-722e-42e4-9b91-9d802bb36058;hotel;11;4
47b5cdab-b00d-44d2-a01f-3ac68ff810bb;management;7;3
6adab40e-6a06-44eb-bb5f-5db5ce66365e;girl;5;2
8e514701-d86e-4dda-8e97-936e5dde0f99;act;9;4
f5841c09-eb32-4127-9e2f-1229717bb7f2;long;7;3
9be5f6fa-9557-493a-aad6-1808ebc0326e;wall;7;1
39be7017-e55f-4380-9977-9b2238eca810;home;11;5
f9bf0384-63b2-452d-b4fc-3510d70f0d46;certain;9;7
f8a17da6-b2a0-4185-b8d6-1a7d9de72522;series;8;1
dbc3dd24-c206-463e-a95d-73ad1c60909a;southern;9;4
4ab8e4cb-16fb-404d-b853-fb225392d0be;section;9;2
64a7cf3e-088f-41b6-a6ab-ae4cdccf3c1a;compare;1;6
71c911f2-d289-4629-b591-059a12366eaa;American;8;4
86ac6763-6428-488b-afda-ce89d63ff381;guess;11;6
12599dd5-adeb-4b5d-abac-0915abc51359;final;6;7
0ce38599-26fb-43ce-a03f-d409ae0ca6db;financial;4;3
ea7a6d9e-18d6-4f34-b954-8c19375322d8;pay;10;2
8f090709-e455-4aa8-9316-29be92d8e642;model;1;4
a1961e9c-4764-46d2-8bd6-58682f9e3f33;any;6;4
b66d89da-1c51-4a4a-b7c6-b62d2c97446f;item;4;5
6f8ad891-12d0-4c4f-ba29-1cdf2482407f;write;5;6
8c17c709-d9fb-43f1-9be9-f39f693794c2;ground;7;6
772fd007-0858-40f9-9bd9-8b4352b2f7e2;challenge;9;2
8ae83a4f-4dcb-4d03-8391-56a5ccadec67;foot;9;5
d881709b-947f-4601-acc9-894d9be412e5;stage;6;6
2bd6e931-9c7f-4bc6-ac16-123257181db7;likely;6;7
9a48ecaf-99e6-4efe-ac74-b37ca65f8b98;challenge;10;4
92b8f210-9ce2-4b77-a341-3ee678e75838;leave;7;5
eb85add2-a819-4305-8946-8b7342c90b98;natural;3;5
0f5bd1f1-54ce-4185-835a-65af463cf973;natural;3;5
78863cde-89ca-4807-a0fe-be3e456c996f;serve;3;7
8ce9433b-8add-4de5-a5f3-a8e0ea048a12;summer;9;7
3fd472e8-d35c-418d-b7fb-57ce5fc1da22;player;7;3
ba81b935-6aa8-4787-95f0-765ad8155199;performance;9;1
3e33db7f-e780-45c1-a7de-675138f4b1d4;performance;10;4
2fb010ee-399a-4d93-9ad9-7b9b81bc45bc;professional;1;3
0e8628f9-dc8d-4c65-9a47-0f17e552516c;bill;4;5
32454ef4-206e-4f81-b032-9846c2d6023f;lay;9;1
0f76db81-b439-4e5b-af7c-3c229fec11bb;those;8;7
198d2181-ae4d-40d7-91a7-27d1ff8e5a17;soon;1;1
8ac4736a-8d13-411c-8735-3745b3743bf3;believe;9;2
27da4d63-260d-41df-8ae6-7365a6a284f8;actually;5;5
f74b30a9-d6b4-459d-9009-eebc24257d48;woman;8;3
ca378b6b-f8e0-4b30-93b5-623a0df73947;yard;5;2
49881b44-ec0c-440e-8178-49ca0cb43f4d;land;6;5
b6af4847-ce94-4dd7-b361-98aee1397019;both;7;6
258dd5da-ce88-4c3f-ab19-12332ecf9734;by;8;2
40d425ed-18d4-4ef3-9cc9-08d5aa33d7ab;direction;2;2
93056d0b-a36c-4c91-b102-54fb6d973c23;there;9;7
36450969-cbef-44f7-ab3a-ccdba37c3af0;reduce;8;2
b785a784-9d5f-4ed2-bf45-b87041dc107d;forward;9;2
a4b5ac7c-d4a8-4262-9175-8e0e2e9015a3;change;10;7
65ecd1d1-cefa-4133-b26c-30f3818f73ec;important;1;7
ad4cd460-cbdc-45bc-a084-d8595308e51d;share;8;2
2494905f-e973-4a59-86af-0027df21fbb2;lawyer;2;6
8f19f4ed-70e0-4750-a8e5-7166d5e0c87f;first;8;4
8a284fcc-b785-4ba2-b45d-7bb89e9fadee;film;4;1
ecb8c3bf-e735-47a8-a4b0-cf0752f6b8a4;international;5;7
ef340398-0899-4816-8c88-c1138365b5fa;example;4;6
d07fa3ef-16cd-4d03-8518-06e8d9071dc3;century;11;3
578535fc-a3c8-4b32-b9c6-cae545b98e1d;event;4;7
616fd295-1aae-4446-b1ec-87e016900d2e;sometimes;1;2
f2b85f53-758f-4232-82a5-d09c14f8b096;in;8;4
8e8abbed-3889-480c-b027-d4407efd0afd;debate;1;5
56beca4b-1fab-4b37-941e-73765e34401b;look;10;1
26e389ce-d479-495b-b9d8-ba6b96a115be;return;4;5
f817baa1-5bee-4f9b-ab49-cb381f4ba22d;determine;8;2
e3311ed6-ca4d-488e-bc08-748fa68ace33;level;9;2
47adc118-0711-4fc8-be04-3af9a39c9f54;floor;2;5
6c219fe6-6ee7-433b-af7e-279867df479f;should;10;3
e8b3dbc7-7fd7-475b-a42d-7c9d879d67ea;claim;1;3
9152ee22-2bad-4575-848d-9926a117f966;bad;10;6
2ac9ddbe-7637-484e-9852-bfb84fddbc22;on;6;5
15ba860c-1374-4a87-a92f-11997181067e;sport;3;2
